estrategia,equivalente_cierto,mediana,p5,tasa_reemplazo_mediana,ec_vs_oficial,sexo,gamma,con_reforma
Óptimo de la familia,22.49792,23.87793,13.90483,0.65827,0.03150,H,2.00000,True
Glidepath oficial (FG),21.81089,22.39131,15.38826,0.61729,0.00000,H,2.00000,True
Por defecto (ley),20.54633,20.86052,15.45553,0.57509,-0.05798,H,2.00000,True
Fondo A fijo,22.32105,23.57254,14.36885,0.64985,0.02339,H,2.00000,True
Fondo C fijo,20.74955,20.99705,15.65901,0.57885,-0.04866,H,2.00000,True
Fondo E fijo,19.38961,19.85257,14.36855,0.54730,-0.11101,H,2.00000,True
Óptimo de la familia,21.47963,23.57990,14.47070,0.65006,0.01123,H,3.00000,True
Glidepath oficial (FG),21.24107,22.39131,15.38826,0.61729,0.00000,H,3.00000,True
Por defecto (ley),20.20552,20.86052,15.45553,0.57509,-0.04875,H,3.00000,True
Fondo A fijo,21.38710,23.57254,14.36885,0.64985,0.00688,H,3.00000,True
Fondo C fijo,20.41118,20.99705,15.65901,0.57885,-0.03907,H,3.00000,True
Fondo E fijo,19.04213,19.85257,14.36855,0.54730,-0.10352,H,3.00000,True
Óptimo de la familia,20.27355,22.36065,15.47637,0.61644,0.00312,H,5.00000,True
Glidepath oficial (FG),20.21041,22.39131,15.38826,0.61729,0.00000,H,5.00000,True
Por defecto (ley),19.55521,20.86052,15.45553,0.57509,-0.03242,H,5.00000,True
Fondo A fijo,19.74440,23.57254,14.36885,0.64985,-0.02306,H,5.00000,True
Fondo C fijo,19.76652,20.99705,15.65901,0.57885,-0.02196,H,5.00000,True
Fondo E fijo,18.37069,19.85257,14.36855,0.54730,-0.09103,H,5.00000,True
Óptimo de la familia,10.37333,11.77431,5.07392,0.32460,0.02106,H,2.00000,False
Glidepath oficial (FG),10.15942,10.91792,5.75760,0.30099,0.00000,H,2.00000,False
Por defecto (ley),9.26324,9.72126,5.82555,0.26800,-0.08821,H,2.00000,False
Fondo A fijo,10.28834,11.73405,5.03036,0.32349,0.01269,H,2.00000,False
Fondo C fijo,9.40528,9.81638,5.94332,0.27062,-0.07423,H,2.00000,False
Fondo E fijo,8.29945,8.93825,5.01213,0.24641,-0.18308,H,2.00000,False
Óptimo de la familia,9.43456,10.88011,5.81256,0.29995,0.00587,H,3.00000,False
Glidepath oficial (FG),9.37951,10.91792,5.75760,0.30099,0.00000,H,3.00000,False
Por defecto (ley),8.82632,9.72126,5.82555,0.26800,-0.05898,H,3.00000,False
Fondo A fijo,8.98704,11.73405,5.03036,0.32349,-0.04184,H,3.00000,False
Fondo C fijo,8.97227,9.81638,5.94332,0.27062,-0.04342,H,3.00000,False
Fondo E fijo,7.84809,8.93825,5.01213,0.24641,-0.16327,H,3.00000,False
Óptimo de la familia,8.29561,10.10576,6.03312,0.27860,0.02503,H,5.00000,False
Glidepath oficial (FG),8.09301,10.91792,5.75760,0.30099,0.00000,H,5.00000,False
Por defecto (ley),8.02585,9.72126,5.82555,0.26800,-0.00830,H,5.00000,False
Fondo A fijo,6.86521,11.73405,5.03036,0.32349,-0.15171,H,5.00000,False
Fondo C fijo,8.16992,9.81638,5.94332,0.27062,0.00950,H,5.00000,False
Fondo E fijo,6.99289,8.93825,5.01213,0.24641,-0.13593,H,5.00000,False
