replica,regimen,persistencia,duracion_meses,prob_estacionaria,vol_A,vol_B,vol_C,vol_D,vol_E,pct_meses_reg1_desde_quiebre
0,0,0.939050,16.406928,0.488317,0.087356,0.066092,0.047514,0.031616,0.025621,0.931818
0,1,0.987947,82.969154,0.457231,0.097347,0.076579,0.064513,0.071996,0.077342,0.931818
0,2,0.453417,1.829548,0.054453,0.313156,0.228124,0.152194,0.098356,0.058450,0.931818
1,0,0.938717,16.317859,0.216155,0.092889,0.068106,0.046934,0.029217,0.023326,0.920455
1,1,0.989387,94.227030,0.755295,0.101833,0.082712,0.070831,0.079258,0.089793,0.920455
1,2,0.535829,2.154381,0.028550,0.200178,0.150318,0.116295,0.094685,0.065258,0.920455
2,0,0.925721,13.462831,0.246767,0.082775,0.064030,0.047750,0.030920,0.024791,0.920455
2,1,0.982510,57.174644,0.695262,0.096235,0.079059,0.067099,0.073317,0.082613,0.920455
2,2,0.574733,2.351465,0.057971,0.270847,0.181544,0.107301,0.068417,0.069153,0.920455
3,0,0.975745,41.228687,0.179497,0.087562,0.066342,0.047270,0.031314,0.024662,0.931818
3,1,0.994566,184.024675,0.801206,0.097748,0.078207,0.066996,0.080301,0.093300,0.931818
3,2,0.774373,4.432098,0.019296,0.184525,0.135360,0.101583,0.083535,0.053815,0.931818
4,0,0.943181,17.599893,0.572768,0.089320,0.067575,0.049230,0.032684,0.025031,0.931818
4,1,0.975699,41.150393,0.302794,0.101596,0.082564,0.072691,0.084836,0.095111,0.931818
4,2,0.707842,3.422802,0.124439,0.263428,0.187153,0.125195,0.088206,0.066614,0.931818
5,0,0.949686,19.875204,0.470325,0.093350,0.070569,0.049655,0.031983,0.023953,0.920455
5,1,0.988516,87.080732,0.474514,0.107164,0.087739,0.073270,0.079695,0.083801,0.920455
5,2,0.518973,2.078887,0.055161,0.254931,0.184535,0.125683,0.085106,0.063732,0.920455
6,0,0.961283,25.828647,0.778902,0.098127,0.072773,0.051428,0.031929,0.023893,0.670455
6,1,0.973826,38.206532,0.136619,0.083388,0.070925,0.076439,0.099654,0.111309,0.670455
6,2,0.685358,3.178216,0.084479,0.216844,0.157965,0.108920,0.087221,0.067502,0.670455
7,0,0.928079,13.904090,0.717200,0.085839,0.065342,0.045944,0.030820,0.025639,0.886364
7,1,0.961704,26.112663,0.093730,0.098366,0.082477,0.075118,0.085893,0.093560,0.886364
7,2,0.727180,3.665414,0.189069,0.261741,0.188532,0.126975,0.092000,0.072447,0.886364
8,0,0.510842,2.044330,0.042895,0.073678,0.043552,0.017388,0.014237,0.022884,0.750000
8,1,0.957070,23.293698,0.914192,0.095743,0.071487,0.050694,0.031887,0.023139,0.750000
8,2,0.178046,1.216613,0.042913,0.272489,0.216173,0.171738,0.129065,0.079467,0.750000
9,0,0.970144,33.494071,0.784310,0.094906,0.071069,0.050508,0.031869,0.023438,0.852273
9,1,0.972541,36.418458,0.148505,0.089434,0.076768,0.071277,0.080662,0.087943,0.852273
9,2,0.651460,2.869113,0.067184,0.181547,0.138944,0.109687,0.098615,0.075579,0.852273
10,0,0.951188,20.486812,0.833059,0.095839,0.070048,0.048863,0.031283,0.025019,0.863636
10,1,0.859150,7.099728,0.106085,0.078229,0.064847,0.059448,0.071685,0.080878,0.863636
10,2,0.513199,2.054227,0.060856,0.269215,0.192042,0.130234,0.094748,0.069922,0.863636
11,0,0.919441,12.413263,0.638586,0.091260,0.068726,0.047570,0.031386,0.025535,0.897727
11,1,0.986938,76.556378,0.270261,0.095409,0.076996,0.065938,0.076944,0.088479,0.897727
11,2,0.435306,1.770871,0.091153,0.281640,0.204453,0.135276,0.082527,0.056717,0.897727
12,0,0.946002,18.519356,0.233499,0.081729,0.062241,0.044456,0.028742,0.024309,0.988636
12,1,0.993747,159.931437,0.727858,0.108450,0.088114,0.074929,0.085064,0.093334,0.988636
12,2,0.615941,2.603768,0.038643,0.357710,0.252729,0.163690,0.091903,0.052996,0.988636
13,0,0.951556,20.642268,0.426045,0.089724,0.067965,0.048421,0.031097,0.021392,0.897727
13,1,0.979960,49.901112,0.509387,0.096503,0.077514,0.068712,0.080216,0.090499,0.897727
13,2,0.680344,3.128366,0.064568,0.158938,0.121485,0.096297,0.083338,0.082056,0.897727
14,0,0.976484,42.524876,0.812892,0.088767,0.065658,0.045791,0.029663,0.021453,0.954545
14,1,0.973231,37.356659,0.138738,0.103090,0.078513,0.061325,0.067634,0.077036,0.954545
14,2,0.601664,2.510445,0.048369,0.182781,0.127167,0.087326,0.062205,0.049790,0.954545
15,0,0.935347,15.467284,0.514339,0.090171,0.068071,0.049100,0.033040,0.025243,0.920455
15,1,0.990586,106.225911,0.415488,0.110631,0.087218,0.070361,0.076433,0.087310,0.920455
15,2,0.470385,1.888164,0.070173,0.301440,0.223963,0.160674,0.121169,0.085486,0.920455
16,0,0.922230,12.858447,0.226844,0.103182,0.077697,0.052446,0.031754,0.021547,0.931818
16,1,0.993536,154.713797,0.728161,0.105338,0.085908,0.072665,0.080311,0.089166,0.931818
16,2,0.552702,2.235648,0.044995,0.244771,0.187804,0.136685,0.096759,0.055669,0.931818
17,0,0.969561,32.852152,0.946360,0.088183,0.066039,0.047280,0.030480,0.022050,0.000000
17,1,0.499964,1.999858,0.007009,0.019723,0.037247,0.089970,0.131443,0.147839,0.000000
17,2,0.382242,1.618758,0.046631,0.292810,0.212514,0.148493,0.110136,0.075074,0.000000
18,0,0.943004,17.545242,0.516821,0.104294,0.078502,0.056044,0.036053,0.025069,0.943182
18,1,0.978981,47.575874,0.434089,0.093738,0.076825,0.069558,0.078923,0.084780,0.943182
18,2,0.412395,1.701824,0.049090,0.285762,0.189918,0.115090,0.090972,0.092669,0.943182
19,0,0.967110,30.404645,0.215447,0.088865,0.069386,0.050242,0.032158,0.025709,1.000000
19,1,0.990856,109.355940,0.774896,0.105784,0.083774,0.069453,0.078482,0.089236,1.000000
19,2,0.266201,1.362771,0.009657,0.398280,0.309966,0.232254,0.176071,0.088229,1.000000
20,0,0.972093,35.833885,0.722913,0.095090,0.070757,0.049711,0.031295,0.024421,0.977273
20,1,0.966364,29.730123,0.235435,0.115837,0.092120,0.077613,0.082684,0.087655,0.977273
20,2,0.330160,1.492895,0.041652,0.259131,0.194111,0.134822,0.092012,0.059558,0.977273
21,0,0.919322,12.394896,0.440755,0.098230,0.074146,0.053386,0.034231,0.026587,0.875000
21,1,0.992699,136.967336,0.480663,0.101062,0.080806,0.070364,0.079062,0.087940,0.875000
21,2,0.502825,2.011365,0.078581,0.261262,0.180518,0.119476,0.092587,0.090802,0.875000
22,0,0.954607,22.029996,0.679071,0.095873,0.071495,0.049883,0.031923,0.023263,0.875000
22,1,0.961472,25.955268,0.264085,0.108670,0.085938,0.074454,0.081372,0.089355,0.875000
22,2,0.636724,2.752730,0.056844,0.309455,0.218708,0.147069,0.108029,0.097972,0.875000
23,0,0.925131,13.356711,0.308159,0.097991,0.071787,0.048262,0.027287,0.021776,0.897727
23,1,0.991258,114.391505,0.628817,0.091264,0.075929,0.071386,0.083935,0.093855,0.897727
23,2,0.633721,2.730158,0.063024,0.262897,0.187013,0.126587,0.096202,0.093054,0.897727
24,0,0.960361,25.227540,0.628955,0.089277,0.067349,0.048305,0.031618,0.023549,0.784091
24,1,0.976912,43.311662,0.280984,0.099567,0.080154,0.067602,0.080591,0.095238,0.784091
24,2,0.651141,2.866487,0.090061,0.277603,0.204066,0.141378,0.101215,0.081107,0.784091
25,0,0.957775,23.682652,0.000000,0.084533,0.064107,0.046724,0.032054,0.023453,0.818182
25,1,1.000000,454175033014.370300,1.000000,0.097813,0.079013,0.069764,0.080953,0.092245,0.818182
25,2,0.694308,3.271266,0.000000,0.288579,0.206802,0.138631,0.096272,0.061551,0.818182
26,0,0.000000,1.000000,0.003337,0.211705,0.147801,0.094726,0.050622,0.006676,0.431818
26,1,0.961097,25.704932,0.912533,0.095833,0.072310,0.051807,0.032715,0.024386,0.431818
26,2,0.557720,2.261011,0.084129,0.269185,0.190057,0.129160,0.097818,0.092114,0.431818
27,0,1.000000,162032043295.274109,1.000000,0.082854,0.061793,0.043878,0.028537,0.027136,0.977273
27,1,0.995281,211.890427,0.000000,0.106931,0.085097,0.069446,0.076780,0.085637,0.977273
27,2,0.665191,2.986776,0.000000,0.189703,0.127295,0.078386,0.038495,0.040548,0.977273
28,0,0.950274,20.110108,0.000000,0.097279,0.070496,0.048430,0.030373,0.025442,0.829545
28,1,1.000000,481359515537.675903,1.000000,0.096745,0.080646,0.072514,0.083013,0.091099,0.829545
28,2,0.683230,3.156863,0.000000,0.252778,0.178941,0.126740,0.107236,0.086620,0.829545
29,0,0.922840,12.960149,0.631275,0.089855,0.066891,0.046514,0.029453,0.023848,0.863636
29,1,0.972020,35.739491,0.258049,0.113342,0.090686,0.078229,0.085704,0.092055,0.863636
29,2,0.559893,2.272174,0.110676,0.279339,0.212212,0.150609,0.105992,0.068732,0.863636
30,0,0.904918,10.517199,0.500469,0.088523,0.066017,0.046245,0.029029,0.023710,0.909091
30,1,0.973633,37.926177,0.413451,0.086139,0.071412,0.067169,0.082016,0.091011,0.909091
30,2,0.481530,1.928753,0.086080,0.242302,0.166437,0.100547,0.064244,0.076778,0.909091
31,0,0.953273,21.401108,0.173580,0.088846,0.065442,0.046918,0.030770,0.024506,0.977273
31,1,0.990384,103.994257,0.811439,0.095195,0.078174,0.069644,0.079290,0.087856,0.977273
31,2,0.284217,1.397071,0.014981,0.229906,0.169120,0.122014,0.086991,0.051112,0.977273
32,0,0.956625,23.054577,0.472511,0.086164,0.064349,0.045510,0.028815,0.023738,0.965909
32,1,0.960346,25.218376,0.452795,0.094850,0.075584,0.066684,0.079386,0.090228,0.965909
32,2,0.709960,3.447800,0.074694,0.249421,0.177523,0.121668,0.089114,0.061456,0.965909
33,0,0.929513,14.187049,0.469878,0.085711,0.063843,0.046295,0.030841,0.024591,0.920455
33,1,0.986798,75.746855,0.431409,0.095229,0.073341,0.059430,0.068280,0.079124,0.920455
33,2,0.638446,2.765837,0.098714,0.302422,0.220088,0.149489,0.104192,0.072010,0.920455
34,0,0.933670,15.076126,0.666041,0.097606,0.072684,0.049758,0.030188,0.024525,0.829545
34,1,0.959900,24.937603,0.182599,0.098346,0.078290,0.062670,0.076552,0.086633,0.829545
34,2,0.708114,3.425993,0.151360,0.261476,0.194062,0.135370,0.096145,0.074748,0.829545
35,0,0.951381,20.568116,0.000000,0.097258,0.072940,0.051216,0.032539,0.026470,0.852273
35,1,1.000000,227897660975.659546,1.000000,0.099641,0.080501,0.070762,0.077898,0.085128,0.852273
35,2,0.524196,2.101705,0.000000,0.290105,0.201184,0.128094,0.082206,0.065289,0.852273
36,0,0.971080,34.578569,0.542747,0.094265,0.071049,0.050127,0.031801,0.023968,0.897727
36,1,0.991524,117.974051,0.419802,0.106332,0.083750,0.065566,0.071869,0.083118,0.897727
36,2,0.580887,2.385991,0.037451,0.305969,0.222726,0.149520,0.102949,0.071504,0.897727
37,0,0.938783,16.335206,0.900519,0.086732,0.064265,0.045947,0.031428,0.026167,0.011364
37,1,0.498143,1.992601,0.007035,0.010870,0.023558,0.044865,0.077332,0.105951,0.011364
37,2,0.403682,1.676956,0.092446,0.257722,0.182311,0.127876,0.104314,0.092151,0.011364
38,0,0.952325,20.975154,0.833446,0.097255,0.073130,0.051311,0.032134,0.023049,0.556818
38,1,0.649523,2.853257,0.065867,0.109500,0.089891,0.080299,0.088340,0.099018,0.556818
38,2,0.510554,2.043125,0.100687,0.230839,0.167546,0.119634,0.092155,0.063529,0.556818
39,0,0.950747,20.303177,0.699104,0.090803,0.068387,0.048928,0.031659,0.024860,0.897727
39,1,0.962106,26.389098,0.217255,0.096116,0.079246,0.070786,0.074993,0.082333,0.897727
39,2,0.588321,2.429076,0.083641,0.236542,0.175862,0.126991,0.098509,0.075249,0.897727
40,0,0.970485,33.880698,0.927667,0.085738,0.063076,0.043636,0.028357,0.025125,0.693182
40,1,0.538537,2.167022,0.046962,0.100566,0.081142,0.073259,0.079267,0.075040,0.693182
40,2,0.437693,1.778387,0.025371,0.079650,0.057176,0.050831,0.062971,0.071603,0.693182
41,0,0.893948,9.429301,0.479747,0.087746,0.064706,0.045178,0.029540,0.025080,0.795455
41,1,0.971152,34.665041,0.367098,0.088428,0.071272,0.067053,0.084398,0.096418,0.795455
41,2,0.731728,3.727558,0.153154,0.260208,0.194150,0.143483,0.116764,0.090646,0.795455
42,0,0.968163,31.410241,0.601186,0.083912,0.063654,0.046450,0.030637,0.024217,0.920455
42,1,0.978882,47.354043,0.325536,0.088434,0.070589,0.062260,0.073687,0.082406,0.920455
42,2,0.740238,3.849680,0.073278,0.258909,0.188117,0.131153,0.101678,0.079247,0.920455
43,0,0.956473,22.974195,0.302896,0.093681,0.071069,0.048654,0.030590,0.026657,0.920455
43,1,0.982917,58.536325,0.649496,0.103034,0.084013,0.072212,0.080913,0.089014,0.920455
43,2,0.585743,2.413963,0.047608,0.296806,0.199542,0.118144,0.078570,0.082669,0.920455
44,0,0.981605,54.361409,0.000000,0.095064,0.071636,0.051195,0.034285,0.027208,0.988636
44,1,1.000000,474512656977.188477,1.000000,0.097913,0.077558,0.065600,0.075699,0.084447,0.988636
44,2,0.203316,1.255202,0.000000,0.225146,0.211582,0.192727,0.178659,0.135053,0.988636
45,0,0.983481,60.537029,0.969182,0.100355,0.075259,0.053237,0.033565,0.024957,0.250000
45,1,0.490955,1.964463,0.018637,0.085304,0.076119,0.077378,0.091296,0.091087,0.250000
45,2,0.000000,1.000000,0.012181,0.258548,0.184301,0.128194,0.075623,0.041445,0.250000
46,0,0.957200,23.364567,0.863663,0.092032,0.069172,0.048490,0.031071,0.024076,0.920455
46,1,0.942210,17.303942,0.061335,0.104423,0.081187,0.072132,0.089211,0.101228,0.920455
46,2,0.500647,2.002592,0.075002,0.324955,0.242795,0.175863,0.135239,0.099588,0.920455
47,0,0.989399,94.329226,0.871792,0.101769,0.076880,0.054654,0.036738,0.025682,0.829545
47,1,0.956971,23.240263,0.086357,0.127599,0.101796,0.081842,0.092309,0.106825,0.829545
47,2,0.779170,4.528368,0.041851,0.193101,0.124317,0.077832,0.072092,0.082401,0.829545
48,0,0.941982,17.236064,0.277662,0.086865,0.063734,0.044429,0.027294,0.022849,0.943182
48,1,0.993403,151.572725,0.691255,0.104132,0.084978,0.074618,0.083380,0.091115,0.943182
48,2,0.572652,2.340014,0.031083,0.203161,0.150212,0.116831,0.103218,0.095025,0.943182
49,0,0.977619,44.680108,0.445805,0.088091,0.065852,0.045845,0.028904,0.022169,0.954545
49,1,0.986864,76.126456,0.488708,0.101672,0.081606,0.069119,0.079268,0.089830,0.954545
49,2,0.749607,3.993715,0.065487,0.271818,0.200623,0.141155,0.105240,0.082798,0.954545
50,0,0.985325,68.144972,0.000000,0.095275,0.072330,0.051776,0.032615,0.026214,1.000000
50,1,1.000000,482597474000.267456,1.000000,0.099633,0.082466,0.073989,0.082881,0.091332,1.000000
50,2,0.753571,4.057964,0.000000,0.337138,0.244169,0.155465,0.090821,0.042456,1.000000
51,0,0.971390,34.952442,0.899392,0.089476,0.066429,0.047113,0.030586,0.024241,0.852273
51,1,0.946380,18.649904,0.069228,0.095537,0.070512,0.054581,0.059421,0.069668,0.852273
51,2,0.298281,1.425072,0.031380,0.211509,0.144445,0.099546,0.084169,0.078624,0.852273
52,0,0.941754,17.168537,0.286123,0.097834,0.071535,0.049584,0.031158,0.021634,0.920455
52,1,0.980764,51.987096,0.644525,0.097204,0.077795,0.065837,0.077116,0.087521,0.920455
52,2,0.661734,2.956250,0.069351,0.249064,0.177735,0.118830,0.081961,0.066370,0.920455
53,0,0.916893,12.032623,0.191623,0.081397,0.059800,0.039459,0.024435,0.022836,0.840909
53,1,0.994208,172.651996,0.756338,0.093256,0.077109,0.068800,0.078525,0.086305,0.840909
53,2,0.693971,3.267665,0.052039,0.269492,0.192967,0.135725,0.096318,0.075337,0.840909
54,0,0.938980,16.388138,0.724323,0.089651,0.067890,0.048776,0.031283,0.025476,0.897727
54,1,0.957141,23.332069,0.177108,0.098000,0.078084,0.066558,0.074886,0.086888,0.897727
54,2,0.551398,2.229147,0.098569,0.306646,0.219389,0.139752,0.091795,0.071321,0.897727
55,0,0.945116,18.220348,0.471923,0.097098,0.073224,0.051953,0.033851,0.025042,0.931818
55,1,0.988038,83.595715,0.466042,0.085954,0.071119,0.067197,0.081571,0.092050,0.931818
55,2,0.535105,2.151023,0.062034,0.295420,0.209714,0.141192,0.095598,0.075366,0.931818
56,0,0.958544,24.121999,0.846741,0.097347,0.073686,0.051382,0.032970,0.023936,0.715909
56,1,0.920011,12.501732,0.045664,0.105545,0.092596,0.095787,0.107002,0.106683,0.715909
56,2,0.640191,2.779249,0.107594,0.250554,0.180499,0.134209,0.112153,0.091274,0.715909
57,0,0.975602,40.987487,0.528944,0.094637,0.072082,0.052117,0.034231,0.027033,0.034091
57,1,0.310217,1.449732,0.027526,0.143390,0.092598,0.052909,0.046428,0.062881,0.034091
57,2,0.986287,72.925534,0.443530,0.096020,0.076255,0.065888,0.078805,0.089326,0.034091
58,0,0.939064,16.410677,0.816230,0.094941,0.070958,0.050205,0.032508,0.023096,0.625000
58,1,0.877001,8.130169,0.090820,0.099292,0.085424,0.082114,0.093762,0.101510,0.625000
58,2,0.585076,2.410079,0.092950,0.196630,0.130398,0.082938,0.065898,0.067259,0.625000
59,0,1.000000,14066162.404688,0.999980,0.096833,0.068330,0.051828,0.027704,0.015502,1.000000
59,1,0.996455,282.078379,0.000020,0.096325,0.077752,0.068421,0.083342,0.095378,1.000000
59,2,0.665050,2.985516,0.000000,0.118045,0.056005,0.018207,0.034360,0.057743,1.000000
60,0,0.946878,18.824704,0.611052,0.094495,0.071056,0.050269,0.032722,0.026163,0.920455
60,1,0.974182,38.731948,0.319341,0.106323,0.084950,0.068509,0.072384,0.080107,0.920455
60,2,0.473027,1.897630,0.069607,0.276878,0.196073,0.127180,0.090460,0.067180,0.920455
61,0,0.972854,36.838169,0.869283,0.094933,0.072590,0.051696,0.033034,0.024117,0.727273
61,1,0.862135,7.253447,0.050598,0.058156,0.046422,0.056569,0.080637,0.090345,0.727273
61,2,0.702439,3.360653,0.080119,0.153507,0.115605,0.093901,0.089181,0.070421,0.727273
62,0,0.957547,23.555653,0.166954,0.098663,0.075215,0.053457,0.032468,0.021242,0.988636
62,1,0.994765,191.006720,0.809182,0.102063,0.082942,0.072023,0.078590,0.085357,0.988636
62,2,0.628211,2.689699,0.023864,0.231316,0.162394,0.099791,0.067792,0.041504,0.988636
63,0,0.970838,34.291010,0.000246,0.096671,0.072419,0.051151,0.032980,0.024084,0.295455
63,1,0.999999,1060641.683479,0.999729,0.101522,0.081951,0.065545,0.056328,0.058551,0.295455
63,2,0.687334,3.198304,0.000025,0.261829,0.195588,0.144851,0.123783,0.096524,0.295455
64,0,0.939640,16.567211,0.238927,0.104970,0.075536,0.051844,0.032830,0.023050,0.795455
64,1,0.992710,137.170524,0.714245,0.103763,0.084821,0.074158,0.084440,0.093095,0.795455
64,2,0.803223,5.081887,0.046828,0.205851,0.152449,0.108521,0.082896,0.069808,0.795455
65,0,0.979370,48.473566,0.000000,0.096179,0.070961,0.049372,0.030602,0.023459,1.000000
65,1,1.000000,482235745515.632935,1.000000,0.116734,0.095626,0.084158,0.091073,0.098577,1.000000
65,2,0.812708,5.339258,0.000000,0.247043,0.172963,0.115391,0.086428,0.059269,1.000000
66,0,0.947294,18.973070,0.171111,0.079530,0.060688,0.043159,0.027174,0.023089,0.943182
66,1,0.994649,186.873663,0.808477,0.107192,0.085658,0.071436,0.078192,0.086899,0.943182
66,2,0.558182,2.263374,0.020413,0.098950,0.082432,0.072704,0.068855,0.048445,0.943182
67,0,0.964218,27.946817,0.000000,0.077123,0.058727,0.042214,0.028567,0.025088,0.954545
67,1,1.000000,495554536462.422546,1.000000,0.099791,0.082322,0.072409,0.084331,0.094659,0.954545
67,2,0.571224,2.332219,0.000000,0.156566,0.134954,0.128644,0.124788,0.091871,0.954545
68,0,0.960828,25.528281,0.784211,0.092520,0.069681,0.049901,0.032634,0.024810,0.943182
68,1,0.976712,42.941209,0.144289,0.095352,0.074973,0.064250,0.069989,0.076746,0.943182
68,2,0.523358,2.098011,0.071499,0.227579,0.164239,0.112812,0.074962,0.053703,0.943182
69,0,0.945717,18.422015,0.151937,0.096587,0.072489,0.050616,0.031348,0.025109,0.909091
69,1,0.989041,91.250032,0.763167,0.099551,0.079801,0.069642,0.077934,0.084819,0.909091
69,2,0.804336,5.110809,0.084896,0.171886,0.121219,0.085279,0.082702,0.087124,0.909091
70,0,0.958309,23.986108,0.802872,0.090696,0.068336,0.047692,0.030508,0.024186,0.852273
70,1,0.969611,32.906392,0.116661,0.107522,0.087533,0.078389,0.084543,0.085346,0.852273
70,2,0.584024,2.403987,0.080467,0.277578,0.203165,0.144494,0.117860,0.086123,0.852273
71,0,0.964229,27.955918,0.590953,0.097748,0.073323,0.051633,0.032021,0.024193,0.909091
71,1,0.970572,33.980754,0.323455,0.082248,0.065204,0.058973,0.071819,0.080624,0.909091
71,2,0.641821,2.791900,0.085593,0.273439,0.195201,0.130553,0.091044,0.072664,0.909091
72,0,0.931711,14.643642,0.349833,0.105719,0.078110,0.055951,0.035944,0.027337,0.954545
72,1,0.974895,39.833199,0.567226,0.102095,0.084321,0.075017,0.085128,0.091880,0.954545
72,2,0.540493,2.176243,0.082941,0.318520,0.226992,0.156437,0.116080,0.090502,0.954545
73,0,0.899854,9.985460,0.066566,0.111257,0.084118,0.060695,0.038626,0.023921,0.965909
73,1,0.995314,213.384951,0.897662,0.097898,0.080584,0.073714,0.084591,0.093166,0.965909
73,2,0.696054,3.290063,0.035773,0.236427,0.171185,0.109180,0.073390,0.057430,0.965909
74,0,0.957338,23.440322,0.751715,0.089574,0.066412,0.046528,0.029346,0.022718,0.920455
74,1,0.943315,17.641400,0.183853,0.107625,0.088374,0.078847,0.089542,0.098765,0.920455
74,2,0.393816,1.649664,0.064433,0.292375,0.210223,0.151151,0.115199,0.097162,0.920455
75,0,0.865370,7.427776,0.181316,0.086011,0.064005,0.044017,0.027533,0.022613,0.954545
75,1,0.990646,106.911159,0.791199,0.106231,0.086729,0.073981,0.080230,0.088869,0.954545
75,2,0.263213,1.357244,0.027485,0.238237,0.162293,0.107303,0.073709,0.066647,0.954545
76,0,0.964273,27.990207,0.724712,0.100757,0.075885,0.053602,0.033815,0.025405,0.761364
76,1,0.983735,61.480140,0.221624,0.098200,0.079896,0.072091,0.082333,0.093644,0.761364
76,2,0.517524,2.072640,0.053664,0.247436,0.182275,0.127354,0.092223,0.075946,0.761364
77,0,0.936549,15.760101,0.619776,0.089913,0.067302,0.047912,0.030925,0.026253,0.897727
77,1,0.986884,76.240161,0.270777,0.095531,0.078155,0.072494,0.085433,0.089953,0.897727
77,2,0.639976,2.777591,0.109447,0.261639,0.187620,0.126186,0.091018,0.074152,0.897727
78,0,0.934135,15.182606,0.000037,0.096409,0.071838,0.050284,0.031259,0.023359,0.852273
78,1,1.000000,4492055.610451,0.999958,0.086702,0.067634,0.059316,0.076446,0.089879,0.852273
78,2,0.479657,1.921808,0.000005,0.263305,0.187859,0.124117,0.087603,0.077570,0.852273
79,0,0.978002,45.458445,0.000000,0.095491,0.070669,0.049266,0.030685,0.023020,1.000000
79,1,1.000000,494303548169.300415,1.000000,0.105732,0.086970,0.076904,0.083389,0.091083,1.000000
79,2,0.653054,2.882296,0.000000,0.339671,0.248541,0.172814,0.120292,0.082993,1.000000
80,0,0.935005,15.385849,0.189747,0.092298,0.068834,0.050410,0.032571,0.025919,0.943182
80,1,0.994593,184.962111,0.788322,0.098114,0.080114,0.072198,0.085062,0.092567,0.943182
80,2,0.437651,1.778257,0.021931,0.191928,0.139570,0.107622,0.086879,0.072599,0.943182
81,0,0.952977,21.266354,0.323248,0.092919,0.070456,0.048766,0.031241,0.022794,0.897727
81,1,0.986304,73.014025,0.638149,0.101212,0.082886,0.071899,0.079935,0.087858,0.897727
81,2,0.732013,3.731523,0.038603,0.263278,0.191438,0.132694,0.094636,0.085314,0.897727
82,0,0.956902,23.202991,0.562009,0.101552,0.076882,0.053675,0.033678,0.022624,0.897727
82,1,0.975629,41.033176,0.388052,0.083654,0.071219,0.067630,0.078746,0.085911,0.897727
82,2,0.515133,2.062423,0.049939,0.279966,0.208736,0.146236,0.111263,0.087769,0.897727
83,0,0.900840,10.084667,0.038437,0.092561,0.070811,0.049881,0.029961,0.021645,0.897727
83,1,0.995934,245.962711,0.937465,0.103237,0.084171,0.073233,0.080348,0.086991,0.897727
83,2,0.841840,6.322731,0.024099,0.185672,0.144033,0.108191,0.078849,0.063463,0.897727
84,0,0.890212,9.108480,0.252630,0.080090,0.060908,0.044336,0.029266,0.024403,0.886364
84,1,0.981644,54.476872,0.648506,0.095774,0.074994,0.061708,0.071031,0.082259,0.886364
84,2,0.599045,2.494044,0.098864,0.182786,0.130874,0.091319,0.070523,0.058848,0.886364
85,0,0.966040,29.446321,0.911130,0.087542,0.066964,0.047889,0.031816,0.024342,0.068182
85,1,0.371204,1.590340,0.032330,0.113904,0.090366,0.070748,0.061417,0.048642,0.068182
85,2,0.444275,1.799450,0.056540,0.286001,0.201816,0.133636,0.099568,0.085342,0.068182
86,0,0.910357,11.155319,0.538181,0.090286,0.066639,0.045503,0.028405,0.023793,0.852273
86,1,0.972446,36.293019,0.297804,0.107360,0.086960,0.071741,0.076537,0.085432,0.852273
86,2,0.693887,3.266767,0.164015,0.255141,0.184882,0.127953,0.095882,0.075445,0.852273
87,0,0.912048,11.369816,0.091661,0.105089,0.078134,0.052191,0.030735,0.022570,0.965909
87,1,0.990829,109.035575,0.878444,0.105498,0.085955,0.072213,0.077048,0.083190,0.965909
87,2,0.545012,2.197861,0.029895,0.230304,0.150083,0.100574,0.096045,0.105734,0.965909
88,0,0.960023,25.014397,0.886905,0.092661,0.069578,0.048286,0.030073,0.024896,0.818182
88,1,0.910438,11.165399,0.037357,0.093128,0.078572,0.084146,0.104164,0.113025,0.818182
88,2,0.487702,1.951988,0.075738,0.260305,0.187295,0.126366,0.095776,0.081628,0.818182
89,0,0.980780,52.028152,0.364480,0.089221,0.066742,0.048411,0.032937,0.024720,1.000000
89,1,0.994380,177.925564,0.626185,0.109558,0.088986,0.075301,0.084602,0.092131,1.000000
89,2,0.249603,1.332628,0.009336,0.057163,0.040937,0.050286,0.079240,0.068994,1.000000
90,0,0.968420,31.665508,0.351289,0.084964,0.066092,0.049662,0.033903,0.025535,0.920455
90,1,0.991830,122.393528,0.614294,0.095462,0.077545,0.068291,0.081935,0.093487,0.920455
90,2,0.599549,2.497185,0.034417,0.293251,0.203766,0.130701,0.092295,0.068006,0.920455
91,0,0.966983,30.287011,0.320437,0.083991,0.064998,0.044660,0.028219,0.025750,0.965909
91,1,0.988039,83.604682,0.638280,0.100986,0.081830,0.071096,0.080601,0.088515,0.965909
91,2,0.558794,2.266517,0.041283,0.245728,0.178295,0.123517,0.075706,0.036165,0.965909
92,0,0.963641,27.503546,0.730622,0.092942,0.068623,0.048198,0.030711,0.024231,0.931818
92,1,0.964710,28.336780,0.195557,0.101812,0.084988,0.076341,0.087029,0.096026,0.931818
92,2,0.596389,2.477634,0.073821,0.319247,0.238039,0.167782,0.117772,0.073921,0.931818
93,0,0.922499,12.903136,0.393331,0.092405,0.069077,0.048504,0.030913,0.024015,0.920455
93,1,0.982730,57.904090,0.534306,0.095490,0.079125,0.070039,0.080926,0.089372,0.920455
93,2,0.496025,1.984225,0.072364,0.247113,0.170471,0.113469,0.087144,0.069118,0.920455
94,0,0.000000,1.000000,0.010215,0.012261,0.024306,0.017686,0.025949,0.035575,0.465909
94,1,0.932375,14.787481,0.911744,0.095275,0.071069,0.049398,0.031078,0.023169,0.465909
94,2,0.209948,1.265740,0.078041,0.264626,0.189336,0.122585,0.084025,0.067746,0.465909
95,0,0.945368,18.304224,0.307811,0.092297,0.069271,0.049571,0.034013,0.026977,0.920455
95,1,0.988782,89.144023,0.627498,0.105277,0.085536,0.073820,0.083450,0.092871,0.920455
95,2,0.689303,3.218569,0.064691,0.243659,0.166614,0.104816,0.073786,0.066543,0.920455
96,0,0.949419,19.770149,0.182121,0.080763,0.060684,0.044756,0.030093,0.024963,0.943182
96,1,0.994440,179.844170,0.780134,0.103993,0.083074,0.067721,0.073435,0.080532,0.943182
96,2,0.697643,3.307351,0.037744,0.207822,0.149881,0.100733,0.071639,0.051839,0.943182
97,0,0.933712,15.085612,0.445536,0.090719,0.067773,0.047840,0.031372,0.023732,1.000000
97,1,0.992820,139.284496,0.493886,0.095770,0.075829,0.063880,0.072734,0.080983,1.000000
97,2,0.512470,2.051156,0.060578,0.140348,0.089023,0.054816,0.046186,0.060535,1.000000
98,0,0.964590,28.241008,0.919396,0.087555,0.065692,0.048369,0.031932,0.025097,0.284091
98,1,0.411924,1.700460,0.048085,0.191776,0.146481,0.106766,0.081905,0.058360,0.284091
98,2,0.201973,1.253091,0.032519,0.290703,0.202403,0.129575,0.071474,0.044994,0.284091
99,0,0.913002,11.494521,0.674990,0.100580,0.075636,0.053193,0.033557,0.023979,0.784091
99,1,0.937660,16.041101,0.172220,0.091449,0.076150,0.067020,0.072015,0.077757,0.784091
99,2,0.572104,2.337018,0.152790,0.274889,0.196819,0.132032,0.092767,0.065613,0.784091
100,0,0.960898,25.574407,0.175681,0.093761,0.072617,0.053504,0.035966,0.025609,1.000000
100,1,0.994537,183.048997,0.807316,0.105174,0.084375,0.073587,0.085328,0.095390,1.000000
100,2,0.429770,1.753679,0.017002,0.352288,0.242799,0.148174,0.077314,0.051389,1.000000
101,0,0.930880,14.467694,0.000000,0.100175,0.076949,0.057706,0.039605,0.026802,0.875000
101,1,1.000000,467955073500.674988,1.000000,0.100575,0.083240,0.073175,0.081795,0.089758,0.875000
101,2,0.345415,1.527686,0.000000,0.199853,0.157886,0.121592,0.094247,0.074887,0.875000
102,0,0.973847,38.236826,0.583741,0.090391,0.068543,0.049269,0.032164,0.023575,0.897727
102,1,0.989912,99.128380,0.352723,0.091669,0.076651,0.072971,0.088239,0.097072,0.897727
102,2,0.759721,4.161827,0.063536,0.175796,0.115381,0.077666,0.072014,0.075208,0.897727
103,0,0.959941,24.962980,0.595707,0.087843,0.066325,0.047162,0.031971,0.024409,0.897727
103,1,0.989048,91.306691,0.346393,0.101478,0.080832,0.070065,0.079654,0.087720,0.897727
103,2,0.587704,2.425439,0.057900,0.342659,0.249026,0.164710,0.115012,0.089851,0.897727
104,0,0.951277,20.524313,0.438046,0.089696,0.067640,0.047731,0.031223,0.025545,0.988636
104,1,0.963161,27.145190,0.540873,0.096925,0.075295,0.062801,0.072738,0.084418,0.988636
104,2,0.146989,1.172317,0.021082,0.222673,0.166730,0.131890,0.097574,0.041173,0.988636
105,0,0.935554,15.516983,0.664377,0.096355,0.072627,0.050389,0.032277,0.025663,0.852273
105,1,0.986916,76.430853,0.271161,0.100974,0.082326,0.070064,0.083056,0.093479,0.852273
105,2,0.335791,1.505550,0.064462,0.295569,0.211479,0.139059,0.091422,0.073641,0.852273
106,0,0.912586,11.439788,0.185602,0.088723,0.065737,0.046995,0.029383,0.022870,0.931818
106,1,0.992946,141.765313,0.775861,0.096685,0.079605,0.072468,0.082318,0.089613,0.931818
106,2,0.436977,1.776127,0.038537,0.224125,0.171539,0.134892,0.117524,0.095213,0.931818
107,0,0.964060,27.824114,0.768419,0.096137,0.071104,0.049055,0.030279,0.023645,0.920455
107,1,0.975966,41.607562,0.142073,0.099189,0.080393,0.077751,0.099802,0.112867,0.920455
107,2,0.653310,2.884421,0.089508,0.175195,0.132452,0.105723,0.095105,0.078325,0.920455
108,0,0.926436,13.593544,0.598509,0.098758,0.074094,0.052398,0.033891,0.026749,0.829545
108,1,0.980629,51.623911,0.309253,0.104478,0.080914,0.066747,0.073405,0.083497,0.829545
108,2,0.521406,2.089452,0.092238,0.299752,0.212135,0.142146,0.101908,0.081571,0.829545
109,0,0.947266,18.963024,0.038911,0.109989,0.080878,0.059159,0.037137,0.023628,0.920455
109,1,0.995883,242.874727,0.942121,0.098119,0.079019,0.067307,0.076303,0.083405,0.920455
109,2,0.795494,4.889833,0.018968,0.219616,0.160467,0.114724,0.116510,0.119752,0.920455
110,0,0.916166,11.928359,0.264170,0.080809,0.059522,0.043267,0.029028,0.023044,0.897727
110,1,0.994771,191.234717,0.692490,0.106154,0.085419,0.074142,0.082821,0.090743,0.897727
110,2,0.488997,1.956936,0.043339,0.226542,0.162863,0.122524,0.114102,0.099006,0.897727
111,0,0.927797,13.849875,0.360819,0.095462,0.072809,0.052634,0.035300,0.026583,0.965909
111,1,0.984723,65.458999,0.585309,0.095477,0.078718,0.071654,0.084946,0.093999,0.965909
111,2,0.435866,1.772629,0.053872,0.311724,0.214038,0.140201,0.096245,0.089345,0.965909
112,0,0.931225,14.540141,0.520659,0.093982,0.070004,0.050865,0.034107,0.023866,0.920455
112,1,0.960465,25.294213,0.354092,0.112035,0.090380,0.078062,0.085013,0.092326,0.920455
112,2,0.695443,3.283460,0.125248,0.243097,0.183458,0.130155,0.103652,0.082814,0.920455
113,0,0.950891,20.363061,0.275915,0.081142,0.062446,0.046080,0.031016,0.023837,0.954545
113,1,0.989414,94.462957,0.663864,0.099579,0.080891,0.072976,0.085674,0.095541,0.954545
113,2,0.658298,2.926525,0.060221,0.258580,0.194901,0.134335,0.089143,0.064147,0.954545
114,0,0.958171,23.906874,0.538830,0.093896,0.070104,0.048965,0.031216,0.025303,0.920455
114,1,0.969934,33.259666,0.381920,0.108109,0.087179,0.072397,0.077032,0.084054,0.920455
114,2,0.626735,2.679063,0.079250,0.299794,0.215767,0.152408,0.107902,0.072696,0.920455
115,0,0.944581,18.044243,0.566780,0.089425,0.067690,0.047960,0.031108,0.023550,0.897727
115,1,0.989019,91.063899,0.322454,0.095416,0.077719,0.071122,0.084513,0.095157,0.897727
115,2,0.716425,3.526409,0.110766,0.266760,0.183420,0.120947,0.084573,0.075582,0.897727
116,0,0.968199,31.445160,0.696152,0.096027,0.073098,0.053383,0.034955,0.024786,0.931818
116,1,0.973939,38.371663,0.254476,0.087538,0.070187,0.059361,0.067154,0.076320,0.931818
116,2,0.480412,1.924603,0.049372,0.171538,0.127999,0.095220,0.084634,0.082474,0.931818
117,0,0.973699,38.021672,0.438591,0.089068,0.066079,0.044721,0.027838,0.021475,0.977273
117,1,0.986644,74.872684,0.530299,0.098508,0.078232,0.066273,0.078263,0.087393,0.977273
117,2,0.524171,2.101597,0.031111,0.140898,0.105976,0.081074,0.063654,0.070880,0.977273
118,0,0.934831,15.344754,0.426570,0.092676,0.068534,0.048002,0.031076,0.024498,0.863636
118,1,0.988764,88.997404,0.480005,0.113671,0.092325,0.077911,0.084420,0.093747,0.863636
118,2,0.702445,3.360726,0.093425,0.252104,0.182741,0.127735,0.093501,0.073136,0.863636
119,0,0.914548,11.702461,0.757958,0.093603,0.068762,0.048296,0.030882,0.025479,0.909091
119,1,0.894834,9.508743,0.106079,0.091166,0.073336,0.065471,0.075792,0.083539,0.909091
119,2,0.490774,1.963764,0.135963,0.304702,0.225424,0.161415,0.126238,0.093800,0.909091
120,0,0.952702,21.142500,0.563439,0.089660,0.067322,0.047689,0.031728,0.025742,0.920455
120,1,0.958094,23.862934,0.350621,0.097861,0.080293,0.071914,0.083916,0.092707,0.920455
120,2,0.572596,2.339705,0.085939,0.254194,0.182998,0.127161,0.093619,0.080236,0.920455
121,0,0.942797,17.481750,0.494125,0.092448,0.070130,0.049381,0.031400,0.022494,0.852273
121,1,0.991091,112.244915,0.400098,0.102699,0.084189,0.072170,0.078981,0.087809,0.852273
121,2,0.732766,3.742034,0.105777,0.232469,0.173158,0.121472,0.091656,0.067603,0.852273
122,0,0.000000,1.000000,0.000000,0.003464,0.003464,0.003464,0.003464,0.003464,0.000000
122,1,0.000000,1.000000,0.000000,0.003464,0.003464,0.003464,0.003464,0.003464,0.000000
122,2,1.000000,499955553660.135010,1.000000,0.096521,0.079199,0.073206,0.086575,0.095580,0.000000
123,0,0.922657,12.929401,0.169183,0.081459,0.058821,0.040996,0.026110,0.021924,0.977273
123,1,0.994533,182.914169,0.793988,0.100084,0.079153,0.066699,0.077860,0.088437,0.977273
123,2,0.582635,2.395982,0.036830,0.228952,0.155235,0.097901,0.081099,0.085445,0.977273
124,0,0.956609,23.046492,0.046154,0.098210,0.073204,0.052393,0.033620,0.024312,0.886364
124,1,0.999805,5134.442060,0.949463,0.096595,0.079444,0.068443,0.065615,0.068531,0.886364
124,2,0.500954,2.003825,0.004383,0.161129,0.118611,0.092220,0.081242,0.080810,0.886364
125,0,0.962557,26.707000,0.606648,0.086904,0.064783,0.046552,0.031776,0.024612,0.977273
125,1,0.933479,15.032947,0.328130,0.110332,0.085695,0.062769,0.066940,0.076573,0.977273
125,2,0.583318,2.399913,0.065221,0.302339,0.211492,0.129053,0.085543,0.072791,0.977273
126,0,0.932499,14.814648,0.512654,0.087520,0.065851,0.047329,0.031415,0.025538,0.920455
126,1,0.982965,58.702781,0.418153,0.096840,0.078075,0.068410,0.078763,0.088229,0.920455
126,2,0.454464,1.833061,0.069193,0.217340,0.151305,0.107874,0.087728,0.078000,0.920455
127,0,0.955340,22.391459,0.216965,0.096813,0.072543,0.051173,0.032242,0.025391,0.977273
127,1,0.976321,42.232332,0.699946,0.104125,0.085473,0.074447,0.083543,0.090002,0.977273
127,2,0.683910,3.163655,0.083088,0.266719,0.206311,0.153285,0.115722,0.074740,0.977273
128,0,0.947468,19.036171,0.459387,0.095713,0.070516,0.048060,0.030648,0.025977,0.897727
128,1,0.992216,128.472099,0.457438,0.107389,0.091248,0.086511,0.098086,0.105928,0.897727
128,2,0.709862,3.446640,0.083175,0.254785,0.179740,0.115736,0.082064,0.074865,0.897727
129,0,0.911137,11.253228,0.872485,0.093305,0.069411,0.048515,0.030908,0.023622,0.011364
129,1,0.000369,1.000369,0.037789,0.116283,0.090184,0.069606,0.052901,0.046803,0.011364
129,2,0.376010,1.602589,0.089727,0.274032,0.191130,0.122774,0.084823,0.081362,0.011364
130,0,0.925111,13.353038,0.731033,0.092559,0.068817,0.047950,0.030857,0.024067,0.840909
130,1,0.947146,18.919905,0.138285,0.084058,0.068666,0.063001,0.079209,0.090037,0.840909
130,2,0.582493,2.395168,0.130682,0.251412,0.176554,0.117615,0.089969,0.084574,0.840909
131,0,0.958086,23.858653,0.859424,0.088343,0.066850,0.048492,0.032248,0.024565,0.250000
131,1,0.607219,2.545951,0.031221,0.072511,0.063567,0.060125,0.056997,0.044213,0.250000
131,2,0.620839,2.637400,0.109355,0.301399,0.213509,0.135352,0.075719,0.046263,0.250000
132,0,0.963098,27.098946,0.000000,0.087392,0.066931,0.048336,0.032693,0.026226,1.000000
132,1,1.000000,483374436768.326294,1.000000,0.098852,0.079971,0.069383,0.078739,0.086564,1.000000
132,2,0.568292,2.316380,0.000000,0.171061,0.131330,0.106428,0.092413,0.074429,1.000000
133,0,0.930414,14.370653,0.367383,0.086363,0.064589,0.047192,0.034143,0.027140,0.897727
133,1,0.987500,79.999715,0.586291,0.089336,0.071047,0.060481,0.068876,0.076434,0.897727
133,2,0.520281,2.084552,0.046326,0.298357,0.211894,0.141122,0.091529,0.060323,0.897727
134,0,0.944533,18.028840,0.555210,0.085665,0.066949,0.049189,0.033271,0.024994,0.897727
134,1,0.989589,96.052664,0.341792,0.108940,0.086902,0.070492,0.080804,0.090994,0.897727
134,2,0.701007,3.344555,0.102998,0.231423,0.174168,0.127753,0.098216,0.076780,0.897727
135,0,0.929864,14.257976,0.626565,0.092987,0.070504,0.051394,0.032895,0.023231,0.897727
135,1,0.965386,28.890248,0.312574,0.103842,0.083842,0.070547,0.082605,0.093246,0.897727
135,2,0.277815,1.384687,0.060861,0.291438,0.198944,0.120686,0.073598,0.057090,0.897727
136,0,0.924660,13.273125,0.581404,0.091287,0.068538,0.048958,0.031872,0.024827,0.909091
136,1,0.988074,83.847912,0.337484,0.095028,0.079229,0.075597,0.087257,0.095393,0.909091
136,2,0.410350,1.695920,0.081112,0.257539,0.179855,0.119326,0.089575,0.077867,0.909091
137,0,0.962629,26.758881,0.210867,0.096226,0.073388,0.051814,0.034642,0.025090,0.965909
137,1,0.994432,179.604550,0.776873,0.095857,0.077180,0.066497,0.077060,0.087692,0.965909
137,2,0.576773,2.362797,0.012261,0.236933,0.171577,0.135997,0.114992,0.100254,0.965909
138,0,0.929715,14.227704,0.261736,0.094477,0.071333,0.050797,0.032753,0.023816,0.931818
138,1,0.988712,88.590387,0.670939,0.092752,0.075229,0.063733,0.071038,0.077551,0.931818
138,2,0.672157,3.050243,0.067325,0.331332,0.244845,0.174794,0.132786,0.085567,0.931818
139,0,0.975309,40.500148,0.572117,0.083941,0.062040,0.044500,0.030209,0.025386,0.920455
139,1,0.982876,58.399202,0.373980,0.102211,0.083353,0.069125,0.073456,0.078054,0.920455
139,2,0.699663,3.329592,0.053903,0.348486,0.249383,0.165547,0.108205,0.073951,0.920455
140,0,0.954685,22.067592,0.000020,0.085040,0.064722,0.046759,0.031575,0.025236,0.829545
140,1,1.000000,11741823.450478,0.999978,0.105915,0.089756,0.081609,0.092243,0.097683,0.829545
140,2,0.497315,1.989319,0.000002,0.257847,0.192688,0.145563,0.118444,0.092854,0.829545
141,0,0.937424,15.980646,0.425205,0.098349,0.075442,0.055112,0.035538,0.025378,0.920455
141,1,0.992926,141.361046,0.478907,0.095883,0.078179,0.068629,0.079879,0.086263,0.920455
141,2,0.687185,3.196781,0.095888,0.262538,0.188300,0.126761,0.094072,0.081508,0.920455
142,0,0.951625,20.671644,0.622022,0.097589,0.073909,0.051979,0.032646,0.021617,0.943182
142,1,0.962163,26.429344,0.315027,0.115641,0.094751,0.083338,0.092198,0.102567,0.943182
142,2,0.562195,2.284124,0.062951,0.227361,0.159919,0.108049,0.081700,0.076551,0.943182
143,0,0.982289,56.463240,0.400709,0.095338,0.070772,0.048600,0.031382,0.026914,1.000000
143,1,0.993938,164.956774,0.582787,0.104848,0.085179,0.072129,0.075448,0.080119,1.000000
143,2,0.569987,2.325512,0.016504,0.216222,0.147081,0.090224,0.067502,0.084820,1.000000
144,0,0.958765,24.251303,0.553304,0.092780,0.067209,0.045695,0.028688,0.024558,0.943182
144,1,0.980534,51.371003,0.394137,0.097242,0.078116,0.068317,0.078884,0.087709,0.943182
144,2,0.502906,2.011692,0.052559,0.360035,0.260225,0.174115,0.108350,0.061522,0.943182
145,0,0.933386,15.011785,0.541120,0.085924,0.063782,0.045355,0.031589,0.026287,0.886364
145,1,0.974908,39.852990,0.374283,0.107002,0.087475,0.077135,0.085708,0.092326,0.886364
145,2,0.463143,1.862692,0.084596,0.241991,0.184370,0.139265,0.113898,0.089453,0.886364
146,0,0.921686,12.769042,0.450329,0.088485,0.067734,0.049453,0.033258,0.025991,0.943182
146,1,0.977457,44.360014,0.474276,0.093828,0.077978,0.072569,0.086299,0.094700,0.943182
146,2,0.530009,2.127700,0.075395,0.160256,0.115443,0.088550,0.082911,0.084293,0.943182
147,0,0.943551,17.715171,0.508553,0.083784,0.062850,0.045602,0.030723,0.025186,0.852273
147,1,0.981677,54.575092,0.370197,0.098084,0.080224,0.069244,0.074013,0.078419,0.852273
147,2,0.763196,4.222910,0.121251,0.242715,0.173817,0.121930,0.091209,0.076993,0.852273
148,0,0.954179,21.823935,0.611872,0.084628,0.063652,0.045369,0.030304,0.023819,0.909091
148,1,0.975125,40.200283,0.282297,0.099615,0.080787,0.071403,0.079444,0.086731,0.909091
148,2,0.668869,3.019950,0.105831,0.264423,0.186345,0.121738,0.084253,0.059186,0.909091
149,0,0.959565,24.731095,0.168164,0.078907,0.060066,0.043381,0.030988,0.030691,0.965909
149,1,0.988923,90.276153,0.805889,0.108170,0.087030,0.073254,0.082626,0.090707,0.965909
149,2,0.523511,2.098684,0.025946,0.233028,0.167296,0.117450,0.085001,0.062268,0.965909
150,0,0.950926,20.377283,0.523883,0.102237,0.078339,0.057164,0.035653,0.023580,0.943182
150,1,0.979949,49.873510,0.359064,0.102821,0.084588,0.074834,0.085969,0.094411,0.943182
150,2,0.780354,4.552783,0.117054,0.252509,0.175878,0.114857,0.084917,0.074042,0.943182
151,0,0.927015,13.701527,0.582370,0.088786,0.068291,0.049498,0.032752,0.023022,0.897727
151,1,0.989027,91.133029,0.321671,0.107088,0.088839,0.080292,0.091971,0.098899,0.897727
151,2,0.557058,2.257633,0.095958,0.241328,0.181529,0.139192,0.109700,0.086948,0.897727
152,0,0.973839,38.224721,0.000000,0.097305,0.071553,0.049139,0.029414,0.024028,1.000000
152,1,1.000000,101496430798.036957,1.000000,0.119151,0.092979,0.078743,0.082493,0.089052,1.000000
152,2,0.348563,1.535069,0.000000,0.210239,0.160179,0.117867,0.084917,0.067355,1.000000
153,0,0.968317,31.562375,0.801946,0.092676,0.070483,0.049752,0.031696,0.025092,0.909091
153,1,0.929577,14.199816,0.105783,0.114298,0.092856,0.075952,0.085072,0.095855,0.909091
153,2,0.643901,2.808210,0.092272,0.257162,0.180556,0.124417,0.092886,0.075847,0.909091
154,0,0.950016,20.006593,0.163032,0.098678,0.072819,0.050929,0.033226,0.027208,1.000000
154,1,0.994458,180.455693,0.824252,0.101345,0.080650,0.068013,0.073931,0.083563,1.000000
154,2,0.000000,1.000000,0.012717,0.205921,0.166082,0.124817,0.093216,0.061589,1.000000
155,0,0.962524,26.683570,0.000000,0.084762,0.061823,0.043989,0.029751,0.027359,1.000000
155,1,1.000000,489947740140.393372,1.000000,0.093036,0.075334,0.066644,0.075181,0.083134,1.000000
155,2,0.293824,1.416078,0.000000,0.221129,0.149247,0.101492,0.076117,0.070626,1.000000
156,0,0.963714,27.558868,0.614357,0.102065,0.076641,0.054525,0.034076,0.026580,0.863636
156,1,0.976696,42.911774,0.311810,0.098408,0.078043,0.064164,0.070107,0.079261,0.863636
156,2,0.698068,3.312006,0.073833,0.339700,0.238830,0.147809,0.091558,0.080166,0.863636
157,0,0.962848,26.916587,0.598327,0.084965,0.063451,0.045195,0.030503,0.025011,0.920455
157,1,0.982912,58.519308,0.343676,0.084652,0.068807,0.061513,0.074571,0.083870,0.920455
157,2,0.515461,2.063816,0.057997,0.319357,0.233835,0.163568,0.111438,0.084653,0.920455
158,0,0.956131,22.795333,0.000056,0.087851,0.065623,0.046676,0.030490,0.024615,0.545455
158,1,1.000000,4509230.199408,0.999937,0.082750,0.068777,0.069715,0.096152,0.102269,0.545455
158,2,0.649795,2.855472,0.000007,0.289909,0.211214,0.147736,0.108527,0.078299,0.545455
159,0,0.976163,41.951192,0.569382,0.095468,0.072849,0.050948,0.032217,0.024751,0.943182
159,1,0.988046,83.657049,0.409965,0.103166,0.082930,0.074140,0.086534,0.096849,0.943182
159,2,0.342832,1.521681,0.020653,0.266309,0.182968,0.120135,0.085344,0.067914,0.943182
160,0,0.963700,27.547998,0.699832,0.087349,0.065064,0.045139,0.029479,0.025100,0.875000
160,1,0.904072,10.424440,0.230219,0.132597,0.106479,0.085774,0.084007,0.089718,0.875000
160,2,0.499842,1.999367,0.069949,0.222798,0.150696,0.110153,0.084169,0.072616,0.875000
161,0,0.963307,27.253033,0.810736,0.095088,0.071125,0.050049,0.032036,0.023302,0.443182
161,1,0.895940,9.609804,0.038791,0.093010,0.075629,0.068905,0.077282,0.083890,0.443182
161,2,0.775478,4.453908,0.150473,0.263438,0.185333,0.118902,0.085896,0.071195,0.443182
162,0,0.940882,16.915443,0.478406,0.095866,0.071339,0.049499,0.030282,0.025467,0.988636
162,1,0.979663,49.172291,0.456860,0.101104,0.080695,0.070401,0.085108,0.097955,0.988636
162,2,0.563106,2.288886,0.064735,0.193912,0.129126,0.085266,0.074559,0.053339,0.988636
163,0,0.911368,11.282609,0.000000,0.078825,0.057538,0.039187,0.025055,0.018555,0.852273
163,1,1.000000,483426323247.155029,1.000000,0.100956,0.081534,0.070433,0.080060,0.088851,0.852273
163,2,0.621758,2.643812,0.000000,0.239143,0.184504,0.138323,0.111148,0.086100,0.852273
164,0,0.864197,7.363605,0.074950,0.104478,0.079945,0.059370,0.044299,0.026185,0.965909
164,1,0.991167,113.211135,0.875989,0.111463,0.089477,0.073642,0.078739,0.086041,0.965909
164,2,0.688107,3.206223,0.049061,0.236047,0.169236,0.124902,0.109352,0.104871,0.965909
165,0,0.942292,17.328521,0.831013,0.091025,0.068619,0.048426,0.031796,0.023137,0.681818
165,1,0.898127,9.816138,0.047062,0.095874,0.081534,0.081322,0.105526,0.123647,0.681818
165,2,0.606638,2.542187,0.121925,0.237400,0.173852,0.122861,0.096825,0.079372,0.681818
166,0,0.982758,57.997691,0.122304,0.091228,0.069969,0.050529,0.032416,0.027747,0.988636
166,1,0.994923,196.969000,0.865843,0.100197,0.080315,0.069266,0.078921,0.086142,0.988636
166,2,0.451206,1.822176,0.011853,0.272474,0.188585,0.125099,0.088600,0.061909,0.988636
167,0,0.947273,18.965755,0.883145,0.091454,0.068505,0.049038,0.031861,0.024976,0.704545
167,1,0.878352,8.220463,0.032410,0.124584,0.104096,0.086444,0.072755,0.064782,0.704545
167,2,0.448579,1.813495,0.084446,0.239074,0.169740,0.112431,0.083160,0.075901,0.704545
168,0,0.922324,12.874071,0.235354,0.101066,0.074669,0.050384,0.028066,0.022393,0.909091
168,1,0.989917,99.173885,0.716441,0.099831,0.079357,0.068009,0.077215,0.085261,0.909091
168,2,0.620742,2.636725,0.048205,0.184552,0.138031,0.096071,0.073668,0.075554,0.909091
169,0,0.938657,16.301647,0.421246,0.085175,0.063260,0.044351,0.028412,0.024173,0.897727
169,1,0.982894,58.457367,0.523861,0.099358,0.081212,0.072115,0.080103,0.085268,0.897727
169,2,0.604004,2.525281,0.054893,0.252521,0.173103,0.114234,0.073008,0.049666,0.897727
170,0,0.924297,13.209565,0.517683,0.098159,0.072294,0.050082,0.031094,0.023714,0.920455
170,1,0.974056,38.545020,0.365128,0.095773,0.076926,0.068567,0.083919,0.095946,0.920455
170,2,0.616533,2.607784,0.117188,0.236384,0.160723,0.103528,0.081478,0.076307,0.920455
171,0,0.921733,12.776796,0.418680,0.107841,0.081384,0.058580,0.037906,0.024273,0.943182
171,1,0.985355,68.280499,0.490523,0.105329,0.084139,0.070904,0.077449,0.086953,0.943182
171,2,0.632982,2.724663,0.090797,0.248854,0.191105,0.145422,0.116049,0.083736,0.943182
172,0,0.960929,25.594441,0.611217,0.086016,0.064990,0.045625,0.031298,0.027249,0.920455
172,1,0.988098,84.019369,0.296278,0.102059,0.079666,0.066074,0.074886,0.085853,0.920455
172,2,0.703723,3.375224,0.092505,0.245524,0.174867,0.129447,0.105333,0.087824,0.920455
173,0,0.959142,24.475056,0.274315,0.084065,0.062539,0.043566,0.027702,0.021167,1.000000
173,1,0.994964,198.573787,0.703550,0.099969,0.081698,0.074243,0.087085,0.095434,1.000000
173,2,0.493645,1.974898,0.022135,0.235049,0.170231,0.112402,0.089167,0.065936,1.000000
174,0,0.911394,11.285907,0.174022,0.076492,0.056383,0.039766,0.026464,0.026343,0.829545
174,1,0.994175,171.661154,0.754165,0.103018,0.082908,0.069593,0.076601,0.083315,0.829545
174,2,0.785283,4.657286,0.071813,0.198487,0.145059,0.099677,0.071961,0.057381,0.829545
175,0,0.916918,12.036350,0.330662,0.086258,0.064980,0.047760,0.033066,0.026078,0.897727
175,1,0.987533,80.211099,0.588359,0.099421,0.081560,0.072776,0.083655,0.090024,0.897727
175,2,0.704412,3.383090,0.080979,0.326469,0.238782,0.168801,0.120558,0.083916,0.897727
176,0,0.886842,8.837212,0.051035,0.074993,0.053608,0.039328,0.024272,0.021009,0.954545
176,1,0.990678,107.267742,0.925757,0.102142,0.084040,0.073830,0.082809,0.091586,0.954545
176,2,0.379294,1.611068,0.023208,0.203105,0.168236,0.144313,0.115262,0.081695,0.954545
177,0,0.977601,44.644408,0.733203,0.093356,0.069699,0.049886,0.032489,0.025151,0.852273
177,1,0.984146,63.075105,0.197180,0.116273,0.094772,0.079432,0.085411,0.091703,0.852273
177,2,0.764088,4.238866,0.069617,0.282636,0.205363,0.146394,0.108141,0.082502,0.852273
178,0,0.932299,14.770865,0.481173,0.087519,0.065978,0.046479,0.029631,0.023255,0.886364
178,1,0.991889,123.296479,0.418014,0.093599,0.075190,0.068072,0.082017,0.094041,0.886364
178,2,0.643457,2.804710,0.100813,0.274753,0.196617,0.132227,0.092240,0.067326,0.886364
179,0,0.955808,22.628584,0.588571,0.090011,0.066898,0.047692,0.031747,0.026631,0.909091
179,1,0.974097,38.605141,0.291862,0.101066,0.082524,0.073216,0.086305,0.095555,0.909091
179,2,0.719239,3.561746,0.119566,0.215654,0.153790,0.105836,0.087336,0.082888,0.909091
180,0,0.928269,13.940911,0.754385,0.097788,0.073808,0.053491,0.034895,0.026627,0.875000
180,1,0.964352,28.052214,0.102708,0.115092,0.091109,0.074064,0.076916,0.080851,0.875000
180,2,0.646961,2.832551,0.142907,0.255145,0.183617,0.121835,0.087514,0.064310,0.875000
181,0,0.956681,23.084381,0.604979,0.099312,0.074267,0.052592,0.033203,0.022180,0.920455
181,1,0.967527,30.795253,0.325694,0.103347,0.082750,0.067679,0.070400,0.076707,0.920455
181,2,0.563241,2.289590,0.069327,0.265388,0.193444,0.136012,0.105610,0.087044,0.920455
182,0,0.978368,46.227291,0.435272,0.090151,0.067646,0.048840,0.030051,0.024313,0.954545
182,1,0.981350,53.619770,0.519579,0.099641,0.081537,0.071692,0.078915,0.085755,0.954545
182,2,0.576816,2.363036,0.045148,0.253357,0.194115,0.145634,0.118344,0.072644,0.954545
183,0,0.945821,18.457465,0.465982,0.093817,0.070079,0.050418,0.034564,0.026063,0.954545
183,1,0.977606,44.655544,0.478164,0.109486,0.088899,0.076984,0.080490,0.085309,0.954545
183,2,0.496163,1.984771,0.055855,0.245779,0.182814,0.135347,0.102113,0.088286,0.954545
184,0,0.934501,15.267464,0.263687,0.089559,0.067927,0.049173,0.033729,0.025251,0.931818
184,1,0.987304,78.764421,0.686291,0.108374,0.086589,0.074592,0.086005,0.095352,0.931818
184,2,0.589396,2.435437,0.050022,0.358322,0.252237,0.162473,0.104213,0.071111,0.931818
185,0,0.947769,19.145600,0.892735,0.092744,0.069112,0.048788,0.030552,0.024103,0.011364
185,1,0.795574,4.891747,0.016600,0.109501,0.089757,0.067505,0.052300,0.040244,0.011364
185,2,0.475037,1.904898,0.090665,0.227449,0.157190,0.100300,0.073341,0.070593,0.011364
186,0,0.948004,19.232140,0.736465,0.094253,0.071567,0.051370,0.033905,0.024476,0.840909
186,1,0.973559,37.820637,0.138175,0.091839,0.073670,0.059612,0.060335,0.064312,0.840909
186,2,0.694517,3.273505,0.125360,0.210326,0.145856,0.100365,0.081209,0.073859,0.840909
187,0,0.975184,40.296855,0.402473,0.104953,0.078080,0.054664,0.033973,0.021541,0.988636
187,1,0.994308,175.678091,0.565335,0.094815,0.076280,0.065134,0.077657,0.090355,0.988636
187,2,0.589790,2.437775,0.032193,0.220001,0.148774,0.089255,0.051098,0.054868,0.988636
188,0,0.956821,23.159388,0.857520,0.086703,0.065609,0.046830,0.030137,0.022236,0.079545
188,1,0.743044,3.891724,0.029932,0.129096,0.094591,0.064052,0.035810,0.025468,0.079545
188,2,0.628557,2.692203,0.112548,0.241100,0.167814,0.108558,0.071744,0.053189,0.079545
189,0,0.958042,23.833239,0.809610,0.102663,0.077332,0.055800,0.036124,0.025217,0.897727
189,1,0.966490,29.841880,0.099014,0.119647,0.090322,0.066459,0.077372,0.096491,0.897727
189,2,0.592137,2.451806,0.091375,0.203386,0.139246,0.085584,0.062369,0.065369,0.897727
190,0,0.966622,29.959846,0.749551,0.090923,0.068437,0.048668,0.030717,0.024055,0.897727
190,1,0.937493,15.998087,0.140694,0.109548,0.085721,0.073579,0.088996,0.102174,0.897727
190,2,0.772018,4.386312,0.109754,0.228031,0.162276,0.110603,0.093606,0.083934,0.897727
191,0,0.934279,15.215828,0.572188,0.095440,0.072173,0.050309,0.032304,0.023151,0.954545
191,1,0.962623,26.754580,0.275500,0.099720,0.077283,0.060245,0.062478,0.067515,0.954545
191,2,0.685503,3.179681,0.152312,0.249291,0.177247,0.121333,0.094955,0.079128,0.954545
192,0,0.952568,21.082776,0.430940,0.093182,0.070211,0.050770,0.033312,0.026082,0.886364
192,1,0.989310,93.544278,0.504855,0.101427,0.080565,0.067780,0.075989,0.086211,0.886364
192,2,0.597581,2.484972,0.064205,0.332682,0.244822,0.164696,0.105985,0.071707,0.886364
193,0,0.960316,25.199019,0.629912,0.098405,0.072567,0.050915,0.031732,0.024180,0.897727
193,1,0.988212,84.831818,0.309079,0.100051,0.082120,0.072650,0.082787,0.088411,0.897727
193,2,0.590643,2.442857,0.061009,0.256934,0.186891,0.129789,0.099262,0.071514,0.897727
194,0,0.940356,16.766077,0.525460,0.085593,0.063839,0.045096,0.028887,0.022184,0.920455
194,1,0.984652,65.154057,0.376757,0.099947,0.079798,0.065956,0.072682,0.081338,0.920455
194,2,0.646503,2.828877,0.097782,0.289159,0.214887,0.152510,0.110691,0.076679,0.920455
195,0,0.930239,14.334574,0.493885,0.093929,0.068627,0.045524,0.028061,0.022640,0.977273
195,1,0.956206,22.833948,0.434953,0.092531,0.075046,0.067298,0.082769,0.094475,0.977273
195,2,0.352194,1.543672,0.071162,0.275303,0.206837,0.148864,0.107755,0.066940,0.977273
196,0,0.956324,22.895705,0.430665,0.095061,0.069731,0.048204,0.029522,0.022793,0.954545
196,1,0.988930,90.335444,0.493781,0.099754,0.080126,0.071061,0.079797,0.083868,0.954545
196,2,0.711579,3.467156,0.075554,0.291673,0.211997,0.151933,0.112138,0.080958,0.954545
197,0,0.887773,8.910533,0.022120,0.082487,0.065183,0.046950,0.028026,0.027929,1.000000
197,1,0.996332,272.621194,0.974306,0.091776,0.075307,0.069430,0.083099,0.092540,1.000000
197,2,0.000000,1.000000,0.003574,0.100721,0.076577,0.060245,0.053456,0.048468,1.000000
198,0,0.935839,15.585803,0.402855,0.089088,0.068588,0.050817,0.035651,0.027551,0.954545
198,1,0.973504,37.741084,0.554262,0.107313,0.085939,0.071979,0.077872,0.086386,0.954545
198,2,0.323220,1.477584,0.042882,0.294007,0.212389,0.150186,0.112665,0.079672,0.954545
199,0,0.943709,17.764834,0.792295,0.089160,0.066291,0.046909,0.030126,0.022666,0.829545
199,1,0.958749,24.241545,0.081261,0.069596,0.059170,0.061925,0.079893,0.091863,0.829545
199,2,0.621510,2.642074,0.126445,0.309370,0.220180,0.152142,0.108312,0.081772,0.829545
