replica,fondo,alpha,beta,persistencia,vida_media_dias,vol_largo_plazo_anual
0,A,0.093065,0.890799,0.983864,42.608478,0.100856
1,A,0.086378,0.888633,0.975011,27.390008,0.095434
2,A,0.081084,0.903897,0.984981,45.804902,0.096545
3,A,0.086971,0.890714,0.977685,30.714552,0.098434
4,A,0.082189,0.893023,0.975212,27.615118,0.087268
5,A,0.082435,0.890417,0.972852,25.183749,0.095657
6,A,0.081358,0.883158,0.964515,19.184931,0.089991
7,A,0.114269,0.859202,0.973470,25.779220,0.105163
8,A,0.085006,0.890775,0.975781,28.271587,0.086023
9,A,0.084817,0.894689,0.979506,33.473739,0.095335
10,A,0.077699,0.904956,0.982655,39.614561,0.098416
11,A,0.095977,0.883289,0.979266,33.082480,0.097213
12,A,0.099932,0.874730,0.974663,27.008962,0.096490
13,A,0.095624,0.888457,0.984081,43.195340,0.112808
14,A,0.078086,0.894914,0.973000,25.324241,0.081676
15,A,0.087581,0.881279,0.968859,21.910264,0.096513
16,A,0.081573,0.887595,0.969168,22.133283,0.091982
17,A,0.077939,0.908721,0.986660,51.614240,0.100500
18,A,0.094631,0.890076,0.984707,44.976431,0.105697
19,A,0.077416,0.907659,0.985076,46.096719,0.100602
20,A,0.106125,0.870870,0.976995,29.781986,0.106813
21,A,0.082805,0.901351,0.984156,43.402107,0.097091
22,A,0.098381,0.881079,0.979459,33.397243,0.101753
23,A,0.083422,0.887285,0.970707,23.314382,0.086494
24,A,0.086499,0.887607,0.974105,26.419684,0.094782
25,A,0.089727,0.870864,0.960591,17.239849,0.088991
26,A,0.099283,0.879126,0.978409,31.755681,0.104375
27,A,0.090942,0.887151,0.978094,31.293727,0.099128
28,A,0.098387,0.870743,0.969130,22.105476,0.094884
29,A,0.094291,0.890642,0.984933,45.656460,0.106892
30,A,0.079781,0.901336,0.981116,36.358816,0.096270
31,A,0.103155,0.886954,0.990108,69.726489,0.123604
32,A,0.110075,0.873586,0.983661,42.075214,0.108059
33,A,0.090236,0.891783,0.982019,38.200182,0.093614
34,A,0.081439,0.901913,0.983351,41.285867,0.095990
35,A,0.072003,0.907182,0.979184,32.951290,0.086663
36,A,0.074145,0.906136,0.980282,34.804964,0.093832
37,A,0.078643,0.902310,0.980953,36.044282,0.098725
38,A,0.071186,0.908757,0.979943,34.211307,0.099445
39,A,0.073256,0.911448,0.984704,44.968362,0.090676
40,A,0.082883,0.893204,0.976088,28.638988,0.089135
41,A,0.094123,0.874078,0.968201,21.449613,0.088536
42,A,0.070822,0.909739,0.980561,35.309658,0.095029
43,A,0.074668,0.900970,0.975638,28.103809,0.090513
44,A,0.101364,0.872924,0.974288,26.609660,0.099567
45,A,0.104735,0.882084,0.986819,52.240997,0.113979
46,A,0.084893,0.892817,0.977710,30.749594,0.093023
47,A,0.074134,0.897657,0.971791,24.223542,0.088553
48,A,0.094247,0.886769,0.981017,36.165574,0.104713
49,A,0.074067,0.906875,0.980943,36.023863,0.094402
50,A,0.079410,0.903836,0.983246,41.024418,0.101264
51,A,0.083316,0.886523,0.969839,22.633565,0.088000
52,A,0.087625,0.897138,0.984763,45.144636,0.095632
53,A,0.092839,0.885405,0.978243,31.511153,0.093294
54,A,0.075644,0.895744,0.971389,23.878150,0.085899
55,A,0.094288,0.881697,0.975985,28.515547,0.099336
56,A,0.098394,0.885200,0.983594,41.901675,0.111552
57,A,0.084574,0.897461,0.982035,38.234887,0.104770
58,A,0.087418,0.890148,0.977566,30.549287,0.100697
59,A,0.087098,0.895327,0.982425,39.092640,0.106020
60,A,0.084058,0.898972,0.983031,40.499740,0.098570
61,A,0.066463,0.916621,0.983083,40.626907,0.097097
62,A,0.091868,0.873651,0.965519,19.753860,0.087005
63,A,0.084077,0.904028,0.988105,57.924366,0.108124
64,A,0.097443,0.872489,0.969932,22.704207,0.086704
65,A,0.100361,0.883194,0.983555,41.800784,0.099971
66,A,0.071460,0.903985,0.975444,27.879755,0.085619
67,A,0.092873,0.888406,0.981279,36.677629,0.108368
68,A,0.096012,0.880531,0.976543,29.201597,0.106629
69,A,0.094455,0.877547,0.972003,24.409374,0.092814
70,A,0.093067,0.880469,0.973536,25.843778,0.096302
71,A,0.101111,0.878541,0.979652,33.716828,0.096779
72,A,0.087501,0.894933,0.982433,39.110827,0.100637
73,A,0.077786,0.891314,0.969100,22.083484,0.085401
74,A,0.081159,0.899730,0.980889,35.921862,0.090597
75,A,0.080716,0.899439,0.980154,34.579006,0.095653
76,A,0.081632,0.897700,0.979331,33.188049,0.095356
77,A,0.090108,0.886912,0.977020,29.815517,0.098965
78,A,0.089122,0.892833,0.981956,38.065657,0.100166
79,A,0.096847,0.869513,0.966360,20.256491,0.092842
80,A,0.094744,0.872345,0.967089,20.712626,0.095743
81,A,0.098011,0.891099,0.989109,63.298089,0.122070
82,A,0.097905,0.873797,0.971702,24.146510,0.090991
83,A,0.070779,0.900080,0.970859,23.437794,0.087778
84,A,0.083040,0.899499,0.982539,39.349823,0.095567
85,A,0.111687,0.863007,0.974694,27.042101,0.098099
86,A,0.083767,0.895113,0.978880,32.472000,0.100442
87,A,0.102251,0.879874,0.982125,38.429180,0.110771
88,A,0.100774,0.886421,0.987195,53.784139,0.111823
89,A,0.090900,0.894016,0.984916,45.604114,0.103409
90,A,0.105071,0.871324,0.976395,29.017025,0.101433
91,A,0.090170,0.882757,0.972926,25.253944,0.091876
92,A,0.078614,0.888268,0.966882,20.581118,0.081292
93,A,0.100879,0.882114,0.982994,40.410426,0.104375
94,A,0.100442,0.882930,0.983372,41.337854,0.106577
95,A,0.104076,0.874560,0.978636,32.096640,0.099841
96,A,0.098103,0.877156,0.975259,27.668023,0.096494
97,A,0.070070,0.917022,0.987092,53.353299,0.091436
98,A,0.076553,0.902063,0.978615,32.065516,0.097535
99,A,0.101241,0.881198,0.982439,39.124030,0.119167
0,B,0.089772,0.897463,0.987235,53.952679,0.078483
1,B,0.089915,0.886446,0.976361,28.973646,0.070137
2,B,0.081339,0.899133,0.980472,35.147386,0.069620
3,B,0.092496,0.893916,0.986413,50.666421,0.076133
4,B,0.084564,0.903645,0.988208,58.434297,0.069008
5,B,0.071960,0.913799,0.985759,48.326782,0.069746
6,B,0.088572,0.899908,0.988480,59.820336,0.082296
7,B,0.091208,0.896556,0.987763,56.298114,0.077605
8,B,0.090822,0.891160,0.981982,38.123126,0.068347
9,B,0.102570,0.886544,0.989113,63.321234,0.086473
10,B,0.077055,0.909206,0.986262,50.105782,0.068156
11,B,0.099968,0.882377,0.982345,38.912976,0.076167
12,B,0.083058,0.903522,0.986579,51.300830,0.074574
13,B,0.082929,0.897544,0.980473,35.149653,0.072403
14,B,0.069843,0.915781,0.985623,47.865540,0.069366
15,B,0.092520,0.891520,0.984040,43.082965,0.074545
16,B,0.072098,0.914888,0.986985,52.911316,0.074316
17,B,0.081857,0.906042,0.987899,56.934615,0.073387
18,B,0.094334,0.889383,0.983717,42.222147,0.078245
19,B,0.078637,0.913699,0.992335,90.084986,0.096049
20,B,0.084453,0.900682,0.985135,46.282112,0.072135
21,B,0.085944,0.899151,0.985095,46.156474,0.074065
22,B,0.083326,0.901185,0.984512,44.405768,0.074898
23,B,0.093749,0.888508,0.982256,38.716873,0.074722
24,B,0.061919,0.913568,0.975487,27.928762,0.059361
25,B,0.081705,0.901693,0.983397,41.401872,0.068720
26,B,0.073725,0.908646,0.982371,38.971878,0.073746
27,B,0.093670,0.879517,0.973187,25.503499,0.063957
28,B,0.081312,0.895007,0.976319,28.922271,0.063916
29,B,0.080461,0.903178,0.983639,42.017796,0.074884
30,B,0.095437,0.884815,0.980252,34.752350,0.070198
31,B,0.078427,0.910525,0.988952,62.394904,0.076654
32,B,0.092814,0.882542,0.975356,27.778882,0.065076
33,B,0.092458,0.896172,0.988629,60.612024,0.080810
34,B,0.087892,0.898876,0.986767,52.033271,0.080576
35,B,0.076940,0.909094,0.986034,49.283364,0.069753
36,B,0.082412,0.905346,0.987758,56.273306,0.075582
37,B,0.095936,0.890700,0.986635,51.516315,0.081696
38,B,0.095896,0.894795,0.990692,74.119435,0.084145
39,B,0.073635,0.910024,0.983659,42.070551,0.066665
40,B,0.075309,0.909670,0.984979,45.798500,0.066273
41,B,0.070891,0.919170,0.990061,69.392898,0.076646
42,B,0.092096,0.896193,0.988289,58.841480,0.080397
43,B,0.079650,0.910019,0.989669,66.749675,0.078428
44,B,0.084135,0.899544,0.983679,42.123050,0.072375
45,B,0.070239,0.916360,0.986599,51.376648,0.074523
46,B,0.081524,0.907174,0.988698,60.982045,0.073203
47,B,0.093627,0.894009,0.987636,55.713266,0.078246
48,B,0.086217,0.903281,0.989497,65.648909,0.080715
49,B,0.080770,0.898530,0.979300,33.137417,0.071181
50,B,0.098986,0.895447,0.994433,124.156120,0.112540
51,B,0.093556,0.892849,0.986405,50.638150,0.073639
52,B,0.076479,0.903705,0.980184,34.631556,0.069480
53,B,0.070764,0.916192,0.986956,52.792852,0.069661
54,B,0.080028,0.897070,0.977098,29.917378,0.067757
55,B,0.076559,0.908160,0.984719,45.013752,0.070132
56,B,0.089507,0.902841,0.992349,90.244982,0.086588
57,B,0.083392,0.901608,0.985000,45.862589,0.074219
58,B,0.083652,0.903591,0.987243,53.986873,0.076456
59,B,0.078264,0.904359,0.982623,39.541747,0.072456
60,B,0.092269,0.888726,0.980996,36.125196,0.069481
61,B,0.094147,0.890155,0.984302,43.808487,0.085869
62,B,0.076832,0.906265,0.983097,40.660582,0.070620
63,B,0.082546,0.904627,0.987173,53.692146,0.075002
64,B,0.073523,0.907385,0.980907,35.956454,0.065691
65,B,0.071573,0.907471,0.979044,32.729055,0.064900
66,B,0.083583,0.900279,0.983862,42.603364,0.073173
67,B,0.078709,0.910894,0.989603,66.320000,0.080559
68,B,0.071777,0.910378,0.982154,38.493626,0.069056
69,B,0.073498,0.910379,0.983877,42.643548,0.066004
70,B,0.085835,0.897806,0.983641,42.023962,0.071699
71,B,0.089029,0.904022,0.993051,99.407888,0.092790
72,B,0.099145,0.889254,0.988400,59.405188,0.077760
73,B,0.083005,0.901040,0.984045,43.096057,0.072889
74,B,0.090017,0.897809,0.987827,56.591938,0.079645
75,B,0.079032,0.908344,0.987376,54.559913,0.081403
76,B,0.074652,0.922517,0.997169,244.502764,0.107232
77,B,0.081560,0.895712,0.977272,30.149491,0.067788
78,B,0.076615,0.899868,0.976483,29.126276,0.066027
79,B,0.066698,0.913027,0.979726,33.840887,0.061942
80,B,0.085451,0.900502,0.985954,48.999588,0.074004
81,B,0.103180,0.879624,0.982804,39.961133,0.075858
82,B,0.087756,0.889574,0.977330,30.228145,0.068113
83,B,0.079574,0.907092,0.986666,51.636856,0.068568
84,B,0.072116,0.915435,0.987551,55.329592,0.077841
85,B,0.081539,0.899791,0.981330,36.779056,0.068669
86,B,0.097895,0.888363,0.986257,50.090831,0.079163
87,B,0.089465,0.897985,0.987450,54.883187,0.077913
88,B,0.092400,0.883138,0.975538,27.987537,0.067947
89,B,0.086310,0.902984,0.989294,64.397291,0.080085
90,B,0.073540,0.916921,0.990461,72.319728,0.084713
91,B,0.091223,0.893388,0.984611,44.695658,0.071866
92,B,0.080539,0.899540,0.980078,34.445532,0.066456
93,B,0.088748,0.888996,0.977744,30.795885,0.067813
94,B,0.084299,0.906869,0.991168,78.134180,0.081644
95,B,0.076805,0.911041,0.987847,56.686900,0.076651
96,B,0.072721,0.897390,0.970111,22.842246,0.060064
97,B,0.076941,0.905547,0.982488,39.234527,0.071792
98,B,0.091144,0.893872,0.985016,45.911832,0.075541
99,B,0.094242,0.888065,0.982308,38.829898,0.076694
0,C,0.094429,0.894160,0.988589,60.395922,0.059929
1,C,0.097069,0.879495,0.976564,29.228135,0.050720
2,C,0.093738,0.891967,0.985705,48.141235,0.053539
3,C,0.097328,0.892876,0.990203,70.405856,0.065244
4,C,0.088477,0.893629,0.982105,38.386994,0.049928
5,C,0.091531,0.889778,0.981308,36.735477,0.049546
6,C,0.094108,0.896153,0.990261,70.825745,0.062388
7,C,0.101348,0.884678,0.986026,49.256435,0.056910
8,C,0.084899,0.892440,0.977340,30.240477,0.047575
9,C,0.085198,0.899534,0.984732,45.052552,0.055540
10,C,0.100397,0.886080,0.986476,50.907392,0.054709
11,C,0.098096,0.877021,0.975118,27.508861,0.046017
12,C,0.084743,0.902407,0.987150,53.595735,0.054605
13,C,0.089993,0.898673,0.988666,60.806974,0.056098
14,C,0.103220,0.875409,0.978629,32.086066,0.057634
15,C,0.099900,0.893346,0.993247,102.289900,0.075080
16,C,0.085772,0.900265,0.986037,49.293967,0.052633
17,C,0.075673,0.913554,0.989227,63.994569,0.054065
18,C,0.085218,0.901896,0.987114,53.442847,0.055443
19,C,0.101522,0.884408,0.985930,48.917401,0.055955
20,C,0.092202,0.889280,0.981482,37.083783,0.048317
21,C,0.103014,0.888338,0.991353,79.809893,0.064085
22,C,0.088843,0.899197,0.988040,57.606783,0.059581
23,C,0.089741,0.905786,0.995527,154.606214,0.074937
24,C,0.087433,0.892761,0.980194,34.648621,0.052678
25,C,0.102241,0.877799,0.980040,34.379077,0.049751
26,C,0.080916,0.897440,0.978356,31.676748,0.045025
27,C,0.101374,0.884817,0.986191,49.848868,0.059667
28,C,0.094186,0.892819,0.987005,52.990426,0.058732
29,C,0.106160,0.867500,0.973661,25.967888,0.052649
30,C,0.095229,0.885675,0.980904,35.950436,0.052679
31,C,0.097158,0.892951,0.990109,69.730252,0.070258
32,C,0.086366,0.895532,0.981898,37.944220,0.053450
33,C,0.095908,0.888171,0.984079,43.188772,0.058275
34,C,0.105569,0.877558,0.983126,40.730590,0.057903
35,C,0.096775,0.883795,0.980570,35.327235,0.052236
36,C,0.095450,0.896646,0.992096,87.347624,0.064950
37,C,0.094835,0.896326,0.991160,78.065610,0.064374
38,C,0.100376,0.892298,0.992674,94.265176,0.068804
39,C,0.074043,0.910623,0.984666,44.855984,0.048589
40,C,0.085713,0.894731,0.980444,35.097379,0.052021
41,C,0.098466,0.888498,0.986963,52.822337,0.061469
42,C,0.087500,0.901231,0.988730,61.158545,0.062070
43,C,0.082889,0.896474,0.979363,33.239866,0.046173
44,C,0.091715,0.885536,0.977251,30.121606,0.048259
45,C,0.089594,0.890635,0.980229,34.710669,0.049197
46,C,0.091829,0.893308,0.985137,46.289260,0.050949
47,C,0.100361,0.891385,0.991746,83.627077,0.064078
48,C,0.079218,0.905693,0.984911,45.588626,0.053727
49,C,0.106518,0.874449,0.980967,36.069843,0.049186
50,C,0.098798,0.885153,0.983951,42.843115,0.054002
51,C,0.088102,0.897833,0.985935,48.934940,0.049934
52,C,0.088996,0.890885,0.979881,34.104194,0.046782
53,C,0.083038,0.914169,0.997206,247.764057,0.095286
54,C,0.097501,0.872975,0.970477,23.129641,0.047673
55,C,0.084880,0.898282,0.983162,40.818395,0.050441
56,C,0.095943,0.881533,0.977476,30.425984,0.054138
57,C,0.100421,0.885403,0.985824,48.547395,0.057509
58,C,0.098223,0.883730,0.981954,38.062040,0.052692
59,C,0.077528,0.913635,0.991163,78.091375,0.054206
60,C,0.102794,0.889853,0.992647,93.919667,0.080003
61,C,0.087565,0.896749,0.984314,43.842426,0.047151
62,C,0.081813,0.900133,0.981945,38.044154,0.048770
63,C,0.090813,0.889428,0.980241,34.732299,0.045745
64,C,0.091530,0.889658,0.981188,36.498217,0.049416
65,C,0.087349,0.894565,0.981914,37.977180,0.051112
66,C,0.103937,0.879524,0.983461,41.561879,0.052493
67,C,0.084470,0.898478,0.982948,40.301641,0.052048
68,C,0.096888,0.886603,0.983491,41.638921,0.059855
69,C,0.101264,0.887479,0.988743,61.227454,0.061567
70,C,0.082967,0.905814,0.988781,61.434921,0.056372
71,C,0.091057,0.889857,0.980913,35.968359,0.050377
72,C,0.093321,0.890670,0.983991,42.949245,0.057345
73,C,0.096453,0.870320,0.966774,20.512869,0.050407
74,C,0.091161,0.893649,0.984810,45.285768,0.052589
75,C,0.095333,0.887515,0.982848,40.064403,0.052801
76,C,0.093152,0.882268,0.975420,27.851574,0.049323
77,C,0.094295,0.893211,0.987506,55.129297,0.055094
78,C,0.110714,0.873281,0.983995,42.960018,0.055048
79,C,0.081624,0.902802,0.984426,44.158888,0.052481
80,C,0.073829,0.912822,0.986651,51.578822,0.048799
81,C,0.108004,0.876186,0.984189,43.493170,0.052703
82,C,0.081296,0.897114,0.978410,31.757630,0.048939
83,C,0.093145,0.897111,0.990256,70.787533,0.059184
84,C,0.106489,0.883814,0.990303,71.135090,0.062679
85,C,0.106211,0.871346,0.977557,30.536660,0.047904
86,C,0.092926,0.886306,0.979232,33.027827,0.052543
87,C,0.096745,0.888941,0.985685,48.074455,0.057895
88,C,0.107858,0.871784,0.979642,33.700383,0.054402
89,C,0.093606,0.889719,0.983326,41.222499,0.050591
90,C,0.100806,0.887557,0.988363,59.218298,0.060154
91,C,0.100099,0.889965,0.990063,69.409708,0.068516
92,C,0.090370,0.892910,0.983280,41.108249,0.053695
93,C,0.067902,0.917902,0.985805,48.482411,0.046636
94,C,0.087678,0.894845,0.982523,39.311864,0.050869
95,C,0.075275,0.909531,0.984806,45.272489,0.046492
96,C,0.090881,0.896922,0.987803,56.481068,0.058502
97,C,0.090448,0.880357,0.970805,23.394066,0.046137
98,C,0.077723,0.905200,0.982922,40.239922,0.050854
99,C,0.108220,0.874417,0.982637,39.572992,0.054350
0,D,0.117289,0.882611,0.999900,6931.125224,0.392523
1,D,0.097556,0.889442,0.986998,52.961490,0.036353
2,D,0.098705,0.887537,0.986242,50.035711,0.041356
3,D,0.105652,0.883117,0.988769,61.370622,0.037900
4,D,0.121032,0.875215,0.996246,184.307641,0.068277
5,D,0.110125,0.889178,0.999303,994.761615,0.127416
6,D,0.114273,0.885627,0.999900,6931.125225,0.404843
7,D,0.103087,0.892705,0.995792,164.370535,0.052402
8,D,0.108022,0.888623,0.996646,206.298177,0.058867
9,D,0.145480,0.854420,0.999900,6931.125226,0.293656
10,D,0.134666,0.865234,0.999900,6931.125226,0.304088
11,D,0.119276,0.880624,0.999900,6931.125226,0.389681
12,D,0.112626,0.887274,0.999900,6931.125226,0.346367
13,D,0.150420,0.849480,0.999900,6931.125226,0.383104
14,D,0.133105,0.866795,0.999900,6931.125226,0.280804
15,D,0.125334,0.874566,0.999900,6931.125225,0.387732
16,D,0.133253,0.866647,0.999900,6931.125226,0.256569
17,D,0.120682,0.879218,0.999900,6931.125226,0.258249
18,D,0.128787,0.871113,0.999900,6931.125226,0.278866
19,D,0.120015,0.879885,0.999900,6931.125226,0.357939
20,D,0.131021,0.868879,0.999900,6931.125226,0.318921
21,D,0.125562,0.874338,0.999900,6931.125226,0.268209
22,D,0.130178,0.869722,0.999900,6931.125226,0.297377
23,D,0.152650,0.847250,0.999900,6931.125226,0.351797
24,D,0.125893,0.874007,0.999900,6931.125226,0.337880
25,D,0.139841,0.860059,0.999900,6931.125226,0.331237
26,D,0.130826,0.869074,0.999900,6931.125226,0.237648
27,D,0.125680,0.874220,0.999900,6931.125226,0.262649
28,D,0.132007,0.867893,0.999900,6931.125226,0.308024
29,D,0.107064,0.885120,0.992184,88.340590,0.037063
30,D,0.139934,0.859966,0.999900,6931.125226,0.319253
31,D,0.116116,0.883784,0.999900,6931.125226,0.192376
32,D,0.111628,0.888272,0.999900,6906.474542,0.340701
33,D,0.118787,0.881113,0.999900,6931.125226,0.237074
34,D,0.104208,0.894180,0.998388,429.603895,0.084341
35,D,0.108760,0.887235,0.995995,172.732821,0.054886
36,D,0.108029,0.891280,0.999310,1003.611027,0.143545
37,D,0.118350,0.880083,0.998434,442.141549,0.079617
38,D,0.140305,0.859595,0.999900,6931.125226,0.336849
39,D,0.112376,0.887079,0.999455,1271.901759,0.140620
40,D,0.111653,0.886813,0.998466,451.425890,0.086486
41,D,0.120608,0.879292,0.999900,6931.125226,0.345413
42,D,0.129467,0.870433,0.999900,6931.125226,0.257445
43,D,0.142071,0.857829,0.999900,6931.125226,0.335885
44,D,0.125834,0.874066,0.999900,6931.125226,0.266521
45,D,0.124946,0.874954,0.999900,6931.125226,0.239489
46,D,0.127340,0.872560,0.999900,6931.125226,0.286687
47,D,0.110050,0.888942,0.998992,687.324953,0.105673
48,D,0.120911,0.869277,0.990189,70.300146,0.040838
49,D,0.132535,0.867365,0.999900,6931.125226,0.371383
50,D,0.118182,0.881718,0.999900,6931.125226,0.217962
51,D,0.127549,0.872351,0.999900,6931.125226,0.231741
52,D,0.129420,0.870480,0.999900,6931.125226,0.265620
53,D,0.134694,0.865206,0.999900,6931.125226,0.329996
54,D,0.132794,0.867106,0.999900,6931.125226,0.251797
55,D,0.126260,0.873640,0.999900,6931.125226,0.296137
56,D,0.130791,0.869109,0.999900,6931.125226,0.312371
57,D,0.133166,0.866734,0.999900,6931.125226,0.290195
58,D,0.134150,0.865750,0.999900,6931.125226,0.241913
59,D,0.120933,0.878416,0.999349,1064.629140,0.141671
60,D,0.130197,0.869703,0.999900,6931.125226,0.249151
61,D,0.134504,0.865396,0.999900,6931.125226,0.292197
62,D,0.126829,0.873071,0.999900,6931.125226,0.306819
63,D,0.098905,0.886016,0.984921,45.618982,0.036024
64,D,0.144142,0.855758,0.999900,6931.125226,0.311989
65,D,0.104793,0.889415,0.994208,119.332545,0.046898
66,D,0.118637,0.881263,0.999900,6931.125226,0.212919
67,D,0.101471,0.883772,0.985243,46.623001,0.037480
68,D,0.117255,0.881669,0.998923,643.509804,0.113079
69,D,0.100596,0.895275,0.995871,167.525024,0.051921
70,D,0.129953,0.869947,0.999900,6931.125226,0.256507
71,D,0.091614,0.908286,0.999900,6931.125225,0.308949
72,D,0.112408,0.881536,0.993944,114.117846,0.049882
73,D,0.112785,0.882494,0.995279,146.479295,0.051762
74,D,0.128555,0.869716,0.998271,400.650624,0.096017
75,D,0.146715,0.853185,0.999900,6931.125226,0.373438
76,D,0.110177,0.889060,0.999236,907.224185,0.118113
77,D,0.143423,0.856477,0.999900,6931.125226,0.281000
78,D,0.136217,0.863683,0.999900,6931.125226,0.323186
79,D,0.117356,0.876684,0.994039,115.940297,0.043727
80,D,0.108101,0.890498,0.998600,494.678472,0.088602
81,D,0.116817,0.881074,0.997892,328.417680,0.086962
82,D,0.117801,0.882099,0.999900,6931.125225,0.366997
83,D,0.144318,0.855582,0.999900,6931.125226,0.312834
84,D,0.143722,0.856178,0.999900,6931.125226,0.324185
85,D,0.128212,0.871688,0.999900,6931.125226,0.307017
86,D,0.126395,0.873505,0.999900,6931.125226,0.245475
87,D,0.120506,0.873489,0.993995,115.086403,0.052982
88,D,0.128899,0.871001,0.999900,6931.125226,0.344876
89,D,0.117744,0.882156,0.999900,6931.125226,0.237748
90,D,0.145837,0.854063,0.999900,6931.125226,0.407902
91,D,0.117372,0.882528,0.999900,6931.125226,0.279673
92,D,0.111014,0.885449,0.996463,195.605863,0.061561
93,D,0.115699,0.884201,0.999900,6931.125226,0.346083
94,D,0.132237,0.867663,0.999900,6931.125226,0.277870
95,D,0.113048,0.882343,0.995391,150.030861,0.056023
96,D,0.117808,0.882092,0.999900,6931.125226,0.366959
97,D,0.150010,0.849890,0.999900,6931.125226,0.326006
98,D,0.116794,0.878059,0.994853,134.325661,0.060114
99,D,0.151773,0.848127,0.999900,6931.125226,0.340001
0,E,0.110679,0.881244,0.991924,85.478301,0.037294
1,E,0.100805,0.892719,0.993524,106.683976,0.039882
2,E,0.096274,0.895799,0.992073,87.091193,0.029734
3,E,0.110971,0.879626,0.990597,73.368231,0.028067
4,E,0.094722,0.903528,0.998250,395.630728,0.052323
5,E,0.072086,0.923218,0.995304,147.270854,0.029883
6,E,0.084618,0.912333,0.996951,226.975787,0.042741
7,E,0.080171,0.918303,0.998474,453.806572,0.045402
8,E,0.096267,0.903633,0.999900,6931.125226,0.220712
9,E,0.096257,0.903643,0.999900,6931.125222,0.233538
10,E,0.096402,0.903498,0.999900,6931.125226,0.244156
11,E,0.092918,0.905620,0.998538,473.843805,0.055590
12,E,0.096800,0.896031,0.992831,96.345319,0.028965
13,E,0.080116,0.901383,0.981500,37.119127,0.021041
14,E,0.086529,0.901440,0.987968,57.262466,0.027079
15,E,0.096284,0.903616,0.999900,6931.125024,0.245840
16,E,0.091050,0.903899,0.994949,136.886650,0.036449
17,E,0.079621,0.920279,0.999900,6931.125225,0.178675
18,E,0.118268,0.880916,0.999184,848.730518,0.113986
19,E,0.104836,0.886474,0.991310,79.412999,0.030565
20,E,0.104852,0.895048,0.999900,6931.125226,0.281343
21,E,0.106591,0.893309,0.999900,6931.125226,0.277531
22,E,0.082235,0.909086,0.991321,79.515278,0.027601
23,E,0.091585,0.900731,0.992316,89.865252,0.029132
24,E,0.110416,0.886012,0.996428,193.702368,0.048163
25,E,0.136117,0.860520,0.996636,205.728899,0.055344
26,E,0.122830,0.877070,0.999900,6931.125226,0.319543
27,E,0.106406,0.891466,0.997872,325.337666,0.050759
28,E,0.084739,0.912257,0.996996,230.406246,0.046344
29,E,0.086437,0.911438,0.997875,325.900269,0.049704
30,E,0.096424,0.903476,0.999900,6931.125222,0.254036
31,E,0.088178,0.901758,0.989937,68.530761,0.031289
32,E,0.098422,0.899038,0.997461,272.616905,0.051701
33,E,0.090421,0.908176,0.998598,493.930044,0.066805
34,E,0.075341,0.908116,0.983457,41.552611,0.022823
35,E,0.108341,0.882210,0.990551,73.005806,0.029097
36,E,0.103609,0.894664,0.998273,401.067049,0.064534
37,E,0.097553,0.892576,0.990129,69.869877,0.029611
38,E,0.096242,0.903658,0.999900,6931.125226,0.213548
39,E,0.089852,0.903778,0.993630,108.472059,0.034283
40,E,0.089588,0.910024,0.999612,1783.948405,0.117732
41,E,0.102852,0.895135,0.997987,344.039964,0.051526
42,E,0.101320,0.898580,0.999900,6931.125226,0.251752
43,E,0.095752,0.900547,0.996299,186.955139,0.054814
44,E,0.101050,0.893937,0.994987,137.922876,0.031192
45,E,0.092805,0.899855,0.992660,94.085013,0.028217
46,E,0.101288,0.896068,0.997356,261.785008,0.050772
47,E,0.099699,0.900126,0.999825,3960.983239,0.164595
48,E,0.097853,0.899707,0.997560,283.686272,0.060746
49,E,0.092733,0.889602,0.982335,38.891438,0.023369
50,E,0.098553,0.899858,0.998411,435.753029,0.063953
51,E,0.107710,0.886878,0.994588,127.720738,0.040305
52,E,0.096424,0.903476,0.999900,6931.125225,0.247528
53,E,0.109272,0.890628,0.999900,6931.125226,0.234853
54,E,0.075822,0.924078,0.999900,6931.125226,0.185289
55,E,0.114311,0.884795,0.999106,775.174332,0.088230
56,E,0.092118,0.907782,0.999900,6931.125205,0.181115
57,E,0.096257,0.903643,0.999900,6931.125220,0.250604
58,E,0.087711,0.897951,0.985662,47.996301,0.021825
59,E,0.107171,0.892729,0.999900,6931.125226,0.260800
60,E,0.096196,0.903704,0.999900,6931.125226,0.269288
61,E,0.114615,0.885285,0.999900,6931.125223,0.278399
62,E,0.114071,0.885829,0.999900,6931.125226,0.265601
63,E,0.079043,0.914097,0.993140,100.698356,0.029421
64,E,0.088353,0.908785,0.997138,241.834458,0.048470
65,E,0.096165,0.903735,0.999900,6931.125016,0.241075
66,E,0.089905,0.907672,0.997576,285.652303,0.044710
67,E,0.089094,0.908084,0.997178,245.301477,0.043469
68,E,0.096367,0.903533,0.999900,6931.125225,0.225559
69,E,0.097496,0.902404,0.999900,6931.125225,0.243035
70,E,0.085403,0.909032,0.994435,124.198385,0.035837
71,E,0.096632,0.895065,0.991697,83.135049,0.029822
72,E,0.096333,0.903567,0.999900,6931.125226,0.222920
73,E,0.096390,0.903510,0.999900,6931.125187,0.248134
74,E,0.096207,0.903693,0.999900,6931.125220,0.284775
75,E,0.106709,0.893191,0.999900,6931.125225,0.268507
76,E,0.105926,0.893974,0.999900,6931.125226,0.241912
77,E,0.113862,0.886038,0.999900,6931.125225,0.232104
78,E,0.091801,0.902504,0.994304,121.352726,0.034818
79,E,0.096210,0.903690,0.999900,6931.125215,0.233679
80,E,0.083550,0.916350,0.999900,6931.125226,0.214788
81,E,0.096286,0.903614,0.999900,6931.125226,0.249422
82,E,0.110319,0.886987,0.997306,256.934552,0.047968
83,E,0.124182,0.875578,0.999760,2886.914755,0.167586
84,E,0.090626,0.900566,0.991192,78.349345,0.028663
85,E,0.093430,0.906470,0.999900,6931.125219,0.206433
86,E,0.082285,0.910450,0.992735,95.060228,0.030003
87,E,0.086321,0.901836,0.988157,58.180268,0.025232
88,E,0.096378,0.903522,0.999900,6931.125222,0.233444
89,E,0.092662,0.907238,0.999900,6931.125226,0.231171
90,E,0.118510,0.881390,0.999900,6931.125225,0.303682
91,E,0.102940,0.896960,0.999900,6931.125226,0.212294
92,E,0.090765,0.902919,0.993684,109.398466,0.026735
93,E,0.084576,0.914832,0.999409,1171.703156,0.091412
94,E,0.096380,0.903520,0.999900,6931.125216,0.234963
95,E,0.086121,0.895546,0.981667,37.461070,0.022757
96,E,0.095144,0.903513,0.998658,516.063180,0.070992
97,E,0.097843,0.893295,0.991138,77.865301,0.029007
98,E,0.100420,0.877760,0.978180,31.418423,0.024838
99,E,0.098773,0.885459,0.984232,43.611913,0.021123
