replica,prima_real_A_vs_E,cv_vs_defecto_mediana,cv_vs_defecto_p5,prob_cv_supera_defecto,reactivo_vs_defecto_mediana,mediana_defecto_uf
0,0.008225,0.116862,-0.012566,0.716500,-0.008409,9.246609
1,0.050113,0.615133,0.279466,0.988000,-0.053327,21.860788
2,0.064028,1.012718,0.623586,1.000000,-0.073568,11.198060
3,0.045849,0.627774,0.403298,0.988500,-0.051945,9.571774
4,0.060654,0.778917,0.359546,0.993500,-0.069512,10.214831
5,0.025335,0.272223,-0.011041,0.812000,-0.034935,11.106801
6,-0.053848,-0.267943,-0.349817,0.060000,0.178101,6.163907
7,0.029656,0.234089,0.050630,0.865000,0.002873,7.686328
8,0.020990,0.244905,0.014706,0.827500,-0.037608,8.997204
9,0.022353,0.225355,-0.047045,0.837000,-0.017017,12.997924
10,0.044762,0.527591,0.161297,0.946500,-0.061871,9.593367
11,0.047858,0.694924,0.388597,0.993000,-0.016597,8.072151
12,0.024653,0.255375,-0.005391,0.846500,-0.038101,7.735645
13,0.053211,0.788202,0.583862,0.985000,-0.086862,10.928529
14,0.043946,0.613453,0.291536,0.994500,-0.030297,12.445135
15,-0.035528,-0.169239,-0.315474,0.201500,0.143147,5.970947
16,0.072047,1.225316,0.680859,0.999500,-0.064744,17.918406
17,0.021411,0.217292,-0.095244,0.760500,-0.013527,8.875779
18,0.013904,0.145473,-0.235323,0.656500,0.134815,7.535771
19,0.046355,0.506258,0.165337,0.969000,-0.076304,9.134804
20,0.034181,0.449487,0.198752,0.964500,-0.038056,12.687423
21,0.007391,0.034902,-0.145624,0.582500,0.051356,6.292819
22,0.054008,0.824842,0.451945,0.991500,-0.061520,11.335059
23,-0.006711,-0.062372,-0.219643,0.393500,0.012569,7.590772
24,0.008824,0.117484,-0.188198,0.647000,0.022518,10.933407
25,0.034661,0.425685,0.159958,0.953000,-0.038703,11.079444
26,0.055510,0.634969,0.305031,0.989000,-0.058080,9.573030
27,0.022549,0.268056,0.037550,0.863000,-0.022885,8.045624
28,0.054417,0.785419,0.301094,0.984000,-0.055764,15.465526
29,0.038596,0.494706,0.221029,0.955000,-0.028631,10.703974
30,0.042684,0.548050,0.130211,0.965500,0.015635,16.621855
31,0.044197,0.582461,0.125118,0.955500,-0.041635,18.859748
32,0.042926,0.640358,0.047357,0.936000,-0.022977,18.153672
33,0.032827,0.352303,-0.022235,0.878500,-0.039683,9.511027
34,0.049236,0.686305,0.168288,0.964000,-0.043064,17.624416
35,0.038510,0.471733,0.177642,0.953500,-0.028197,12.833165
36,0.039986,0.528800,0.030790,0.921500,-0.047791,9.620581
37,-0.010304,-0.066321,-0.181711,0.375500,0.045418,6.565506
38,0.011205,0.157231,-0.060803,0.747000,-0.026425,8.506381
39,-0.002433,-0.009073,-0.109022,0.484500,0.066048,6.990982
40,0.034268,0.337780,0.048550,0.913000,-0.046193,9.532830
41,0.025822,0.310756,0.025540,0.842500,-0.027885,10.954000
42,0.056469,0.786500,0.520514,0.998000,-0.042273,16.741885
43,-0.032896,-0.219641,-0.299175,0.107500,0.069407,7.163089
44,0.028429,0.241273,-0.006473,0.793500,-0.061892,7.112444
45,0.069830,1.183878,0.611929,1.000000,-0.064057,13.512290
46,0.005860,0.121269,-0.159795,0.678500,0.033080,9.502716
47,0.027211,0.326007,0.058824,0.947000,-0.014984,9.703957
48,0.019240,0.172208,-0.077411,0.708000,-0.005637,7.380848
49,0.021973,0.197598,-0.055816,0.790500,-0.023621,15.863804
50,0.037976,0.396230,0.093663,0.916000,-0.061853,15.103225
51,0.049169,0.647907,0.371977,0.994000,-0.028627,15.800086
52,0.034911,0.332133,0.112389,0.918500,-0.049076,12.121322
53,0.068495,1.079239,0.626133,1.000000,-0.072634,13.042981
54,-0.020313,-0.163914,-0.257899,0.199500,0.051415,7.994537
55,0.066564,1.144284,0.527143,0.997500,-0.052827,19.742677
56,0.003138,0.039249,-0.163133,0.561500,0.012579,10.464927
57,0.061457,0.923300,0.489951,0.998500,-0.034385,17.850540
58,-0.007232,-0.073934,-0.344188,0.414000,0.101316,10.368273
59,0.068910,1.024297,0.535308,0.998000,-0.082163,9.955963
60,0.033410,0.453813,0.075643,0.940000,-0.024432,14.688598
61,0.070595,1.194137,0.808915,0.999500,-0.092162,10.102526
62,0.025553,0.281126,-0.045325,0.806000,-0.015389,7.704798
63,0.007782,0.074399,-0.162738,0.623500,0.009864,10.245892
64,-0.007757,-0.070085,-0.209885,0.428500,0.008839,6.986974
65,0.036613,0.633231,0.014757,0.937000,0.011342,14.040603
66,0.059304,0.983256,0.569012,0.997000,-0.051797,14.954722
67,0.022929,0.297905,-0.012351,0.824500,-0.001773,8.689758
68,0.068776,1.080742,0.591145,0.998000,-0.089928,14.839933
69,0.003695,0.013633,-0.237354,0.523000,0.040585,12.905130
70,0.023298,0.216703,-0.077744,0.790000,0.030678,12.122546
71,0.049612,0.537191,0.217610,0.963500,-0.095079,10.783216
72,-0.020726,-0.154999,-0.280986,0.227500,0.039893,7.793222
73,0.037283,0.570231,0.014782,0.895000,0.016377,11.185328
74,0.027690,0.267847,-0.032457,0.820500,-0.028977,10.666324
75,0.040561,0.517783,0.182776,0.974000,-0.054362,12.180841
76,0.077922,1.545142,0.728476,0.999000,-0.054188,19.081499
77,0.070437,1.092040,0.513952,0.996000,-0.090592,13.585843
78,0.057411,0.891429,0.400113,0.999500,-0.048667,11.855472
79,0.016208,0.028308,-0.161388,0.547000,-0.051933,10.773672
80,0.025983,0.272240,0.098324,0.902500,-0.013135,10.313296
81,0.040297,0.533536,0.164417,0.957000,-0.050304,13.830132
82,0.039636,0.455224,0.026267,0.922000,-0.051125,12.234665
83,-0.030174,-0.223006,-0.346279,0.104000,0.040161,9.851634
84,0.020960,0.183011,0.000843,0.766000,-0.067925,9.287614
85,0.044956,0.456395,0.164403,0.946500,-0.042818,8.113073
86,0.062424,0.890275,0.296273,0.983500,-0.059269,15.889922
87,0.001001,-0.076125,-0.283902,0.403000,0.005867,10.685928
88,-0.023576,-0.173471,-0.277306,0.175500,0.098575,7.290850
89,0.054072,0.769451,0.172716,0.967000,-0.064267,17.683535
90,0.048178,0.587909,0.175323,0.965000,-0.056697,11.763204
91,-0.033489,-0.253900,-0.375826,0.110000,0.063956,8.385552
92,0.035282,0.408299,0.160340,0.946500,-0.055039,9.014915
93,0.070898,1.075389,0.563476,0.998000,-0.087645,14.344382
94,-0.005527,-0.065306,-0.246030,0.387500,0.060553,10.420829
95,0.034651,0.368897,0.116430,0.923500,0.006557,7.456562
96,0.055014,0.767255,0.430283,0.993500,-0.062133,11.549900
97,0.034619,0.344687,0.075367,0.956500,-0.015202,9.987396
98,0.042569,0.445336,0.108667,0.939000,-0.037788,11.483851
99,0.015385,0.306673,0.070228,0.891500,0.006809,7.426599
100,0.047561,0.584223,0.170039,0.959500,-0.064536,12.716252
101,0.009695,0.044104,-0.108350,0.579500,-0.008656,8.111188
102,0.089040,1.837723,1.112349,1.000000,-0.100479,16.702710
103,0.052487,0.727787,0.299001,0.981500,-0.049155,11.352550
104,0.004368,0.009421,-0.233006,0.497500,0.001586,12.365155
105,0.018914,0.224969,0.019133,0.872500,-0.014373,10.197377
106,0.058531,0.852644,0.332968,0.988000,-0.034889,16.480714
107,0.014991,0.201755,-0.011692,0.785500,0.037307,10.246796
108,0.064908,1.067466,0.571638,0.999000,-0.056732,11.723852
109,0.069249,0.981098,0.413121,0.997000,-0.065342,12.777534
110,0.001482,0.071418,-0.088881,0.612500,-0.002194,6.430651
111,0.060830,0.904386,0.534137,0.996500,-0.078855,11.335096
112,0.021014,0.223375,0.048078,0.835000,0.000227,12.543151
113,0.024669,0.235332,0.024919,0.805500,-0.020329,11.512610
114,0.025125,0.296114,0.094795,0.905500,-0.033429,10.584157
115,0.021873,0.197183,-0.130167,0.760500,-0.012538,11.626881
116,0.039010,0.399792,-0.053958,0.845500,-0.060965,19.935867
117,0.053131,0.686667,0.233345,0.972000,-0.068916,12.626896
118,0.043954,0.546203,0.283939,0.989500,-0.052098,13.907748
119,0.036356,0.404607,0.134962,0.923000,-0.016647,12.669402
120,-0.019800,-0.141410,-0.279070,0.222000,0.122128,6.762938
121,0.083128,1.545018,0.694223,1.000000,-0.058870,16.682679
122,0.008917,0.023212,-0.207187,0.523500,0.006307,9.778351
123,-0.003479,-0.002056,-0.270921,0.495500,0.022352,11.888641
124,0.033732,0.377597,0.148795,0.948000,-0.025123,11.905280
125,0.050938,0.734953,0.341303,0.995000,-0.036186,11.123282
126,0.029836,0.330177,0.176547,0.868000,-0.048050,7.847863
127,0.028843,0.286064,-0.010884,0.807000,-0.043735,9.507242
128,0.003215,0.122802,-0.232830,0.630000,0.117102,10.944933
129,0.062980,0.975015,0.418626,0.993000,-0.068000,15.291824
130,0.049155,0.577474,0.257878,0.967500,-0.080958,12.203097
131,0.042414,0.421868,0.097942,0.909000,-0.069900,11.301658
132,-0.005362,-0.024438,-0.114563,0.430500,0.052646,6.040339
133,0.002631,0.058639,-0.034805,0.638500,0.031131,5.260823
134,0.053049,0.647404,0.273937,0.965500,-0.083880,12.609358
135,-0.011066,-0.059939,-0.181242,0.393000,0.084787,6.182280
136,0.029239,0.384316,0.086979,0.929000,-0.031192,11.496768
137,0.015047,0.098718,0.042759,0.693000,0.001199,6.547740
138,0.019688,0.196483,-0.177122,0.742000,0.020530,13.270018
139,0.087007,1.541490,0.975969,1.000000,-0.040026,25.271810
140,0.007728,0.101154,-0.128915,0.636000,-0.007182,8.719754
141,-0.005284,-0.138984,-0.351398,0.315000,0.145481,6.564986
142,-0.010448,-0.007243,-0.145483,0.469500,0.052388,5.294020
143,0.051146,0.711352,0.461388,0.997500,-0.035300,12.225841
144,0.037348,0.411550,0.083944,0.920000,-0.039485,11.458159
145,0.055930,0.759384,0.141048,0.938500,-0.047997,13.364757
146,0.006782,0.056013,-0.164213,0.611500,-0.007290,7.600426
147,0.032222,0.315741,-0.012457,0.819000,-0.042858,11.655912
148,0.044757,0.564219,0.222809,0.975000,-0.043143,15.682777
149,0.039933,0.399059,0.017160,0.876500,-0.055878,10.452043
150,0.013538,0.156818,-0.074029,0.748000,-0.019164,8.207978
151,0.040511,0.542846,0.116169,0.911000,-0.032900,9.710410
152,0.067648,1.165689,0.598548,0.998500,-0.070796,22.303729
153,0.032852,0.422590,0.072266,0.921500,-0.048743,12.733325
154,-0.024765,-0.172993,-0.326790,0.224500,0.143296,7.312705
155,-0.020867,-0.138206,-0.227987,0.249000,0.080172,9.660520
156,0.023867,0.279394,-0.004609,0.840000,-0.024665,8.777103
157,0.011470,0.106865,-0.150168,0.652000,0.006891,12.667055
158,0.043935,0.535660,0.270576,0.990000,-0.043714,7.507120
159,-0.025552,-0.142893,-0.258665,0.224500,0.043253,5.712893
160,0.021141,0.228784,-0.016686,0.784000,-0.062949,6.925008
161,0.052848,0.795189,0.390009,0.997500,-0.028814,18.039222
162,-0.016919,-0.098695,-0.218551,0.287500,0.120037,7.428088
163,0.074902,1.174724,0.623472,1.000000,-0.050082,13.074955
164,0.023186,0.243954,-0.053716,0.832500,0.011796,12.017770
165,0.054606,0.678481,0.454642,0.996500,-0.089834,6.337301
166,0.056266,0.770631,0.276524,0.974000,-0.055382,10.484725
167,0.044913,0.560892,0.116952,0.955000,-0.039650,18.870036
168,0.061298,0.941800,0.538255,0.994000,-0.054910,15.445276
169,0.009797,0.134633,-0.114797,0.692500,-0.001937,9.069677
170,0.069732,1.051956,0.548083,0.999000,-0.078445,9.611166
171,0.046112,0.660959,0.115211,0.941500,0.018565,10.936994
172,-0.007313,-0.050356,-0.259595,0.424000,0.017854,8.555347
173,0.005854,0.088345,-0.205588,0.626500,0.012019,10.510721
174,0.045048,0.539965,0.180860,0.961000,-0.046419,11.052158
175,0.012229,0.078072,-0.258609,0.597500,0.028064,13.705602
176,0.080105,1.367034,0.696667,0.999500,-0.084707,25.106940
177,0.078788,1.360053,0.697077,1.000000,-0.089047,18.859662
178,0.018110,0.185669,-0.034390,0.800500,0.002621,10.499837
179,0.055710,0.769029,0.464095,0.993500,-0.069945,12.143398
180,0.041740,0.517940,0.232243,0.980500,-0.035432,13.272448
181,0.077796,1.212148,0.766275,0.999000,-0.114958,12.537704
182,0.115994,2.887340,2.111247,1.000000,-0.064472,20.108264
183,-0.012342,-0.054793,-0.111721,0.407500,0.081741,5.102365
184,0.066969,1.139528,0.659508,0.997500,-0.093530,13.234000
185,0.048477,0.624391,0.371037,0.983000,-0.061064,12.048943
186,0.060780,0.947776,0.273633,0.986500,-0.035428,20.969897
187,0.035292,0.393818,0.085920,0.930000,-0.047106,10.585959
188,-0.000480,-0.031515,-0.297632,0.464000,0.061099,8.467210
189,0.080324,1.405682,0.738880,1.000000,-0.084086,26.409660
190,0.004008,0.081277,-0.160607,0.634500,-0.003188,10.522494
191,0.015910,0.184081,-0.158745,0.740500,0.057684,12.169838
192,0.063651,0.991324,0.472253,0.996000,-0.019247,15.278547
193,0.053937,0.679697,0.359293,0.986000,-0.081016,9.319652
194,0.067455,1.009084,0.377322,0.989500,-0.061063,14.676901
195,0.000340,0.029374,-0.104805,0.586000,0.022313,8.101992
196,0.024987,0.121503,-0.110459,0.670000,-0.038475,8.116315
197,-0.001151,-0.015629,-0.176614,0.460000,0.013024,7.620764
198,0.050439,0.770144,0.364265,0.990500,-0.051596,14.413917
199,0.012986,0.097122,-0.128925,0.675500,0.004140,10.034637
