sexo,quintil,sueldo_ref_mediano_uf,tr_10_mediana,tr_total_mediana,prob_tr_meta_total,pgu_mediana,pension_total_mediana,cv_vs_defecto_total,cv_vs_defecto_propia
H,1,10.08906,0.19709,0.90555,0.99881,6.30360,9.51518,0.03226,0.09441
H,2,17.64921,0.23725,0.66905,0.86092,6.30360,13.57943,0.05206,0.09143
H,3,26.25830,0.26635,0.61028,0.78456,6.30360,18.51658,0.05126,0.09172
H,4,39.03508,0.28850,0.55254,0.75413,6.30360,26.05048,0.05323,0.09063
H,5,67.73478,0.33042,0.50276,0.71775,0.00000,37.79948,0.09140,0.08931
M,1,8.22094,0.10008,0.87495,1.00000,6.30360,7.62279,0.01837,0.12259
M,2,15.06508,0.12781,0.55735,0.85409,6.30360,9.62510,0.03725,0.11825
M,3,22.78924,0.14300,0.45469,0.61901,6.30360,11.98321,0.05014,0.10401
M,4,34.48011,0.15922,0.39686,0.49244,6.30360,15.91498,0.05475,0.11778
M,5,62.82967,0.18838,0.33823,0.33954,0.44975,24.07751,0.06879,0.11807
