fecha,Calma,Tasas volátiles (post-2019),Crisis bursátil
2002-09-30,0.0000,0.0000,1.0000
2002-10-31,0.8303,0.0013,0.1683
2002-11-30,0.7558,0.0000,0.2442
2002-12-31,0.9966,0.0000,0.0034
2003-01-31,0.9984,0.0000,0.0016
2003-02-28,0.9987,0.0001,0.0012
2003-03-31,0.9864,0.0005,0.0131
2003-04-30,0.1464,0.0000,0.8536
2003-05-31,0.0216,0.0000,0.9784
2003-06-30,0.9745,0.0001,0.0254
2003-07-31,0.9823,0.0000,0.0177
2003-08-31,0.9960,0.0000,0.0040
2003-09-30,0.9986,0.0000,0.0014
2003-10-31,0.9914,0.0000,0.0086
2003-11-30,0.9992,0.0000,0.0008
2003-12-31,0.9982,0.0000,0.0018
2004-01-31,0.9912,0.0000,0.0088
2004-02-29,0.9991,0.0000,0.0009
2004-03-31,0.9989,0.0000,0.0011
2004-04-30,0.9995,0.0000,0.0005
2004-05-31,0.9984,0.0000,0.0016
2004-06-30,0.9990,0.0000,0.0010
2004-07-31,0.9967,0.0000,0.0033
2004-08-31,0.9994,0.0000,0.0006
2004-09-30,0.9994,0.0000,0.0006
2004-10-31,0.9994,0.0000,0.0006
2004-11-30,0.9983,0.0000,0.0017
2004-12-31,0.9991,0.0000,0.0009
2005-01-31,0.9995,0.0000,0.0005
2005-02-28,0.9989,0.0000,0.0011
2005-03-31,0.9979,0.0000,0.0021
2005-04-30,0.9990,0.0000,0.0010
2005-05-31,0.9995,0.0000,0.0005
2005-06-30,0.9996,0.0000,0.0004
2005-07-31,0.9995,0.0000,0.0004
2005-08-31,0.9976,0.0003,0.0021
2005-09-30,0.9632,0.0011,0.0357
2005-10-31,0.0366,0.0115,0.9519
2005-11-30,0.2620,0.0000,0.7380
2005-12-31,0.9170,0.0000,0.0830
2006-01-31,0.9604,0.0000,0.0396
2006-02-28,0.9992,0.0000,0.0008
2006-03-31,0.9996,0.0000,0.0004
2006-04-30,0.9993,0.0000,0.0007
2006-05-31,0.9970,0.0000,0.0030
2006-06-30,0.9982,0.0000,0.0018
2006-07-31,0.9995,0.0000,0.0005
2006-08-31,0.9996,0.0000,0.0004
2006-09-30,0.9996,0.0000,0.0004
2006-10-31,0.9989,0.0000,0.0011
2006-11-30,0.9990,0.0000,0.0010
2006-12-31,0.9976,0.0000,0.0024
2007-01-31,0.9991,0.0000,0.0009
2007-02-28,0.9996,0.0000,0.0004
2007-03-31,0.9993,0.0000,0.0007
2007-04-30,0.9958,0.0000,0.0042
2007-05-31,0.9958,0.0000,0.0042
2007-06-30,0.9960,0.0000,0.0040
2007-07-31,0.9804,0.0000,0.0196
2007-08-31,0.9922,0.0000,0.0078
2007-09-30,0.9736,0.0000,0.0263
2007-10-31,0.9636,0.0002,0.0362
2007-11-30,0.3516,0.0000,0.6484
2007-12-31,0.5981,0.0042,0.3977
2008-01-31,0.0094,0.0000,0.9906
2008-02-29,0.9444,0.0000,0.0556
2008-03-31,0.9852,0.0000,0.0148
2008-04-30,0.9975,0.0000,0.0025
2008-05-31,0.9753,0.0000,0.0247
2008-06-30,0.9855,0.0000,0.0145
2008-07-31,0.9848,0.0000,0.0152
2008-08-31,0.9037,0.0002,0.0962
2008-09-30,0.0000,0.0000,1.0000
2008-10-31,0.0000,0.0000,1.0000
2008-11-30,0.8478,0.0016,0.1506
2008-12-31,0.7012,0.0008,0.2979
2009-01-31,0.0068,0.0003,0.9930
2009-02-28,0.0001,0.0000,0.9999
2009-03-31,0.0059,0.0000,0.9941
2009-04-30,0.0017,0.0000,0.9983
2009-05-31,0.0000,0.0000,1.0000
2009-06-30,0.9555,0.0000,0.0445
2009-07-31,0.9935,0.0000,0.0064
2009-08-31,0.9991,0.0000,0.0009
2009-09-30,0.9949,0.0000,0.0051
2009-10-31,0.9993,0.0000,0.0007
2009-11-30,0.9961,0.0000,0.0039
2009-12-31,0.9988,0.0000,0.0012
2010-01-31,0.9920,0.0000,0.0080
2010-02-28,0.9982,0.0000,0.0018
2010-03-31,0.9958,0.0000,0.0042
2010-04-30,0.9980,0.0000,0.0019
2010-05-31,0.8847,0.0000,0.1153
2010-06-30,0.9967,0.0000,0.0033
2010-07-31,0.9986,0.0000,0.0014
2010-08-31,0.9913,0.0000,0.0087
2010-09-30,0.9824,0.0000,0.0176
2010-10-31,0.9981,0.0000,0.0019
2010-11-30,0.9962,0.0000,0.0038
2010-12-31,0.9943,0.0000,0.0056
2011-01-31,0.8903,0.0000,0.1097
2011-02-28,0.9200,0.0000,0.0800
2011-03-31,0.9936,0.0000,0.0064
2011-04-30,0.9994,0.0000,0.0006
2011-05-31,0.9986,0.0001,0.0013
2011-06-30,0.9756,0.0007,0.0236
2011-07-31,0.8784,0.0009,0.1208
2011-08-31,0.0013,0.0000,0.9987
2011-09-30,0.1336,0.0031,0.8633
2011-10-31,0.0334,0.0000,0.9666
2011-11-30,0.9451,0.0000,0.0549
2011-12-31,0.9987,0.0000,0.0013
2012-01-31,0.9981,0.0000,0.0019
2012-02-29,0.9982,0.0000,0.0018
2012-03-31,0.9991,0.0000,0.0009
2012-04-30,0.9992,0.0000,0.0008
2012-05-31,0.9855,0.0000,0.0145
2012-06-30,0.9992,0.0000,0.0008
2012-07-31,0.9989,0.0000,0.0011
2012-08-31,0.9991,0.0000,0.0009
2012-09-30,0.9996,0.0000,0.0004
2012-10-31,0.9994,0.0000,0.0006
2012-11-30,0.9994,0.0000,0.0006
2012-12-31,0.9995,0.0000,0.0005
2013-01-31,0.9994,0.0000,0.0006
2013-02-28,0.9995,0.0000,0.0005
2013-03-31,0.9995,0.0000,0.0005
2013-04-30,0.9980,0.0000,0.0020
2013-05-31,0.9990,0.0000,0.0010
2013-06-30,0.9976,0.0000,0.0024
2013-07-31,0.9980,0.0000,0.0020
2013-08-31,0.9980,0.0000,0.0020
2013-09-30,0.9989,0.0000,0.0011
2013-10-31,0.9992,0.0000,0.0008
2013-11-30,0.9994,0.0000,0.0006
2013-12-31,0.9995,0.0000,0.0005
2014-01-31,0.9954,0.0000,0.0046
2014-02-28,0.9987,0.0000,0.0013
2014-03-31,0.9995,0.0000,0.0005
2014-04-30,0.9996,0.0000,0.0004
2014-05-31,0.9996,0.0000,0.0004
2014-06-30,0.9995,0.0000,0.0004
2014-07-31,0.9986,0.0001,0.0013
2014-08-31,0.9586,0.0004,0.0410
2014-09-30,0.9802,0.0002,0.0196
2014-10-31,0.9969,0.0000,0.0031
2014-11-30,0.9993,0.0000,0.0007
2014-12-31,0.9993,0.0000,0.0007
2015-01-31,0.9989,0.0000,0.0011
2015-02-28,0.9995,0.0000,0.0005
2015-03-31,0.9994,0.0000,0.0006
2015-04-30,0.9982,0.0000,0.0018
2015-05-31,0.9990,0.0000,0.0010
2015-06-30,0.9990,0.0000,0.0010
2015-07-31,0.9924,0.0000,0.0076
2015-08-31,0.9968,0.0000,0.0032
2015-09-30,0.9966,0.0000,0.0034
2015-10-31,0.9970,0.0000,0.0030
2015-11-30,0.9993,0.0000,0.0007
2015-12-31,0.9968,0.0000,0.0032
2016-01-31,0.9599,0.0000,0.0401
2016-02-29,0.9980,0.0000,0.0020
2016-03-31,0.9991,0.0000,0.0009
2016-04-30,0.9996,0.0000,0.0004
2016-05-31,0.9996,0.0000,0.0004
2016-06-30,0.9983,0.0000,0.0016
2016-07-31,0.9988,0.0001,0.0011
2016-08-31,0.9980,0.0003,0.0018
2016-09-30,0.9976,0.0006,0.0018
2016-10-31,0.9770,0.0016,0.0214
2016-11-30,0.2674,0.0009,0.7317
2016-12-31,0.8136,0.0002,0.1862
2017-01-31,0.9971,0.0001,0.0028
2017-02-28,0.9995,0.0000,0.0005
2017-03-31,0.9979,0.0000,0.0020
2017-04-30,0.9996,0.0000,0.0004
2017-05-31,0.9992,0.0000,0.0008
2017-06-30,0.9990,0.0000,0.0010
2017-07-31,0.9991,0.0000,0.0009
2017-08-31,0.9993,0.0000,0.0007
2017-09-30,0.9994,0.0000,0.0006
2017-10-31,0.9814,0.0001,0.0185
2017-11-30,0.9959,0.0000,0.0041
2017-12-31,0.9994,0.0000,0.0006
2018-01-31,0.9994,0.0000,0.0006
2018-02-28,0.9972,0.0000,0.0028
2018-03-31,0.9990,0.0000,0.0010
2018-04-30,0.9996,0.0000,0.0004
2018-05-31,0.9979,0.0000,0.0021
2018-06-30,0.9993,0.0000,0.0007
2018-07-31,0.9996,0.0000,0.0004
2018-08-31,0.9993,0.0001,0.0006
2018-09-30,0.9986,0.0003,0.0010
2018-10-31,0.9894,0.0012,0.0093
2018-11-30,0.9977,0.0017,0.0006
2018-12-31,0.9927,0.0045,0.0028
2019-01-31,0.9871,0.0119,0.0011
2019-02-28,0.9506,0.0475,0.0019
2019-03-31,0.7571,0.2284,0.0144
2019-04-30,0.6506,0.3449,0.0045
2019-05-31,0.0396,0.9135,0.0469
2019-06-30,0.0033,0.9696,0.0271
2019-07-31,0.0000,0.9830,0.0170
2019-08-31,0.0000,0.9829,0.0171
2019-09-30,0.0012,0.9773,0.0215
2019-10-31,0.0000,0.8817,0.1183
2019-11-30,0.0000,0.0032,0.9968
2019-12-31,0.0000,0.0189,0.9811
2020-01-31,0.5166,0.0345,0.4489
2020-02-29,0.0000,0.0282,0.9718
2020-03-31,0.0000,0.0000,1.0000
2020-04-30,0.0000,0.0031,0.9969
2020-05-31,0.0000,0.0916,0.9084
2020-06-30,0.1299,0.8141,0.0559
2020-07-31,0.1081,0.8857,0.0062
2020-08-31,0.0278,0.9358,0.0364
2020-09-30,0.0000,0.9444,0.0556
2020-10-31,0.0314,0.9591,0.0096
2020-11-30,0.0192,0.9673,0.0136
2020-12-31,0.0102,0.9878,0.0020
2021-01-31,0.0016,0.9976,0.0008
2021-02-28,0.0000,0.9999,0.0001
2021-03-31,0.0000,1.0000,0.0000
2021-04-30,0.0000,0.9997,0.0003
2021-05-31,0.0000,0.9999,0.0001
2021-06-30,0.0000,1.0000,0.0000
2021-07-31,0.0000,0.9999,0.0001
2021-08-31,0.0000,0.9999,0.0001
2021-09-30,0.0000,1.0000,0.0000
2021-10-31,0.0000,1.0000,0.0000
2021-11-30,0.0000,0.9994,0.0006
2021-12-31,0.0002,0.9991,0.0007
2022-01-31,0.0000,0.9910,0.0090
2022-02-28,0.0000,0.9932,0.0068
2022-03-31,0.0020,0.9962,0.0018
2022-04-30,0.0029,0.9968,0.0003
2022-05-31,0.0025,0.9972,0.0003
2022-06-30,0.0020,0.9979,0.0002
2022-07-31,0.0015,0.9984,0.0001
2022-08-31,0.0000,0.9997,0.0003
2022-09-30,0.0000,0.9999,0.0001
2022-10-31,0.0000,0.9998,0.0002
2022-11-30,0.0000,1.0000,0.0000
2022-12-31,0.0000,0.9992,0.0008
2023-01-31,0.0000,0.9999,0.0001
2023-02-28,0.0000,1.0000,0.0000
2023-03-31,0.0000,0.9999,0.0001
2023-04-30,0.0000,1.0000,0.0000
2023-05-31,0.0000,0.9999,0.0001
2023-06-30,0.0000,0.9999,0.0001
2023-07-31,0.0000,1.0000,0.0000
2023-08-31,0.0000,1.0000,0.0000
2023-09-30,0.0000,1.0000,0.0000
2023-10-31,0.0000,1.0000,0.0000
2023-11-30,0.0000,1.0000,0.0000
2023-12-31,0.0000,0.9999,0.0001
2024-01-31,0.0000,1.0000,0.0000
2024-02-29,0.0000,1.0000,0.0000
2024-03-31,0.0000,0.9999,0.0001
2024-04-30,0.0000,0.9999,0.0001
2024-05-31,0.0000,0.9999,0.0001
2024-06-30,0.0000,1.0000,0.0000
2024-07-31,0.0000,1.0000,0.0000
2024-08-31,0.0000,1.0000,0.0000
2024-09-30,0.0000,1.0000,0.0000
2024-10-31,0.0000,1.0000,0.0000
2024-11-30,0.0000,0.9999,0.0001
2024-12-31,0.0000,1.0000,0.0000
2025-01-31,0.0000,0.9999,0.0001
2025-02-28,0.0000,0.9997,0.0003
2025-03-31,0.0000,0.9999,0.0001
2025-04-30,0.0000,0.9999,0.0001
2025-05-31,0.0000,1.0000,0.0000
2025-06-30,0.0000,0.9999,0.0001
2025-07-31,0.0000,0.9994,0.0006
2025-08-31,0.0005,0.9979,0.0016
2025-09-30,0.0019,0.9979,0.0002
2025-10-31,0.0020,0.9978,0.0002
2025-11-30,0.0019,0.9978,0.0003
2025-12-31,0.0021,0.9978,0.0001
2026-01-31,0.0019,0.9976,0.0005
2026-02-28,0.0008,0.9988,0.0004
2026-03-31,0.0001,0.9990,0.0009
2026-04-30,0.0000,0.9998,0.0002
2026-05-31,0.0000,1.0000,0.0000
2026-06-30,0.0000,0.9998,0.0002
2026-07-31,0.0000,0.9988,0.0012
2026-08-31,0.0010,0.9977,0.0013
