fecha,HMM constante,HMM con macro (TVTP),Normal (sin regímenes)
2015-01-31,20.940018,20.602460,20.130864
2015-02-28,22.539882,22.566024,21.079588
2015-03-31,21.946475,21.924742,21.032697
2015-04-30,19.798176,19.856438,19.617143
2015-05-31,20.958929,21.022151,20.566508
2015-06-30,21.427183,21.575009,20.667806
2015-07-31,19.294247,19.289278,18.565458
2015-08-31,20.240897,20.358621,20.499547
2015-09-30,19.688051,19.901877,19.904623
2015-10-31,19.468266,19.461470,20.014684
2015-11-30,21.752412,21.799491,20.840134
2015-12-31,20.468828,20.572013,20.224929
2016-01-31,16.897781,16.992843,19.068609
2016-02-29,20.830428,20.785840,20.581840
2016-03-31,21.175092,21.171414,20.602228
2016-04-30,22.328119,22.333159,21.202045
2016-05-31,22.444090,22.451205,21.223874
2016-06-30,20.498689,20.538326,20.120084
2016-07-31,20.771364,20.762954,20.331566
2016-08-31,20.750629,20.723537,20.071890
2016-09-30,21.366156,21.385708,20.609994
2016-10-31,21.228633,21.281385,20.290843
2016-11-30,13.704374,14.167673,15.522511
2016-12-31,18.804870,19.022383,19.001041
2017-01-31,21.883544,22.288081,21.173522
2017-02-28,22.163698,22.187623,21.067648
2017-03-31,18.765120,18.734701,18.444239
2017-04-30,22.605055,22.596852,21.355529
2017-05-31,21.199794,21.215619,20.521414
2017-06-30,21.232412,21.244370,20.741357
2017-07-31,20.906165,20.934206,20.245234
2017-08-31,21.678243,21.680931,20.943493
2017-09-30,22.038148,21.999183,21.169069
2017-10-31,17.208405,17.303728,17.771543
2017-11-30,20.312041,20.297838,20.172313
2017-12-31,21.649490,21.652143,20.721948
2018-01-31,21.543745,21.418357,20.517122
2018-02-28,19.819604,19.764547,19.782374
2018-03-31,21.503211,21.386273,20.965756
2018-04-30,22.332229,22.296228,21.312987
2018-05-31,19.985451,20.340953,19.997561
2018-06-30,21.794769,21.854249,21.131535
2018-07-31,22.213673,22.096173,21.184660
2018-08-31,21.664096,21.792175,21.059030
2018-09-30,21.291443,21.217080,20.776107
2018-10-31,17.667842,17.490165,18.483084
2018-11-30,22.309816,22.295970,21.342077
2018-12-31,20.134933,20.058234,20.029612
2019-01-31,21.733203,21.733020,20.742935
2019-02-28,22.431273,22.451201,21.274721
2019-03-31,19.716220,19.814227,19.031769
2019-04-30,22.576536,22.589775,21.390923
2019-05-31,16.945328,17.031184,17.009539
2019-06-30,16.510540,16.669745,16.988289
2019-07-31,9.572720,9.852071,11.063833
2019-08-31,14.077924,13.925269,15.024299
2019-09-30,18.207185,18.559424,18.557105
2019-10-31,11.635082,8.375480,7.722078
2019-11-30,5.984131,5.537033,0.020961
2019-12-31,11.961180,10.692881,9.281611
2020-01-31,20.392636,20.080146,20.558771
2020-02-29,14.191716,14.842730,11.401513
2020-03-31,-5.028522,-4.368813,-4.842848
2020-04-30,9.474813,9.628991,2.527211
2020-05-31,12.996917,13.041758,2.745605
2020-06-30,18.077579,17.910962,18.613290
2020-07-31,20.594503,20.291171,19.930000
2020-08-31,17.202571,17.170063,17.833689
2020-09-30,12.653993,14.367146,10.324994
2020-10-31,20.510876,20.050417,20.872711
2020-11-30,15.994561,16.267462,17.231052
2020-12-31,20.027954,19.771075,20.030583
2021-01-31,15.356910,15.283363,15.812460
2021-02-28,13.477210,13.859833,12.888442
2021-03-31,15.833216,15.312289,14.855343
2021-04-30,16.201108,16.019304,15.615897
2021-05-31,18.814385,19.047711,19.500117
2021-06-30,15.825967,15.204230,13.163958
2021-07-31,19.272322,19.192530,20.144479
2021-08-31,19.975414,19.669153,19.626365
2021-09-30,11.636767,11.850419,10.130421
2021-10-31,15.781517,15.918967,9.923037
2021-11-30,10.708112,10.948454,5.918224
2021-12-31,19.200892,18.486469,19.764791
2022-01-31,13.782660,13.908436,14.498562
2022-02-28,13.747031,14.004706,12.866276
2022-03-31,16.159123,16.102099,17.024898
2022-04-30,19.907326,19.473376,19.990113
2022-05-31,19.592235,19.004183,18.758483
2022-06-30,18.796291,18.017281,18.442539
2022-07-31,20.872140,19.766381,20.163146
2022-08-31,14.455672,17.053175,16.979241
2022-09-30,17.592186,17.589531,16.653841
2022-10-31,16.730952,16.498662,16.906998
2022-11-30,12.665122,12.548439,3.322010
2022-12-31,18.356661,18.355050,19.123867
2023-01-31,19.871900,19.437957,20.221849
2023-02-28,16.525243,17.947003,17.891641
2023-03-31,16.696113,16.753595,14.281821
2023-04-30,18.354499,18.475679,19.495038
2023-05-31,18.633488,18.692248,19.691823
2023-06-30,20.368622,19.781275,20.175108
2023-07-31,13.308718,14.553267,14.225327
2023-08-31,18.318509,18.478180,19.406698
2023-09-30,16.869000,17.046402,14.111421
2023-10-31,16.943030,17.097324,14.119902
2023-11-30,13.220715,13.271022,2.155842
2023-12-31,16.257434,16.475550,16.141141
2024-01-31,19.275334,19.275637,19.462537
2024-02-29,16.517106,16.529801,14.830548
2024-03-31,19.447523,19.334561,20.156026
2024-04-30,17.681557,17.821088,16.537807
2024-05-31,19.494497,19.498475,20.279125
2024-06-30,18.661031,18.658816,18.889720
2024-07-31,18.603652,18.579330,17.783522
2024-08-31,16.814185,16.822120,12.798027
2024-09-30,17.082221,17.079315,13.032435
2024-10-31,16.073422,16.049597,8.502062
2024-11-30,18.547138,18.537663,18.665928
2024-12-31,15.831794,15.846009,12.805042
2025-01-31,19.827045,19.806715,20.187759
2025-02-28,18.954534,18.949354,19.043453
2025-03-31,19.548080,19.551595,19.502515
2025-04-30,19.725388,19.713323,19.443925
2025-05-31,19.705421,19.682116,18.558199
2025-06-30,19.944831,19.919631,20.093987
2025-07-31,17.909187,17.899869,16.285526
2025-08-31,18.996338,18.994596,19.453272
2025-09-30,20.160501,20.134381,20.116916
2025-10-31,19.739080,19.714063,20.028632
2025-11-30,19.493344,19.488954,19.517266
2025-12-31,20.194966,20.213667,20.237860
2026-01-31,16.791924,16.761172,18.358341
2026-02-28,18.811799,18.801921,18.702808
2026-03-31,14.867933,14.952083,17.708378
2026-04-30,14.939899,14.833639,17.231224
2026-05-31,15.157531,14.826720,17.843896
2026-06-30,20.589711,20.682724,20.201033
2026-07-31,16.919849,16.947538,16.387357
2026-08-31,19.480540,19.450121,19.728745
