fecha,A,B,C,D,E
2002-09-30,0.004175,0.001088,0.000167,-0.002637,0.012151
2002-10-31,-0.009345,-0.008165,-0.009261,-0.005665,-0.007787
2002-11-30,0.007220,-0.005210,-0.006512,-0.010268,-0.009543
2002-12-31,0.008470,0.007963,0.007542,0.007082,0.004936
2003-01-31,-0.001340,0.005297,0.009851,0.010681,0.013190
2003-02-28,0.004036,0.008128,0.010901,0.011021,0.011609
2003-03-31,-0.003497,-0.002225,-0.002876,-0.000668,-0.000539
2003-04-30,0.041212,0.019845,0.009897,0.004324,-0.005769
2003-05-31,0.057643,0.031651,0.019333,0.014143,0.003297
2003-06-30,0.008930,0.005321,0.004192,0.004881,0.004651
2003-07-31,0.041479,0.025588,0.019675,0.015020,0.007471
2003-08-31,0.029111,0.016793,0.010332,0.007136,-0.000292
2003-09-30,0.009289,0.008016,0.001883,0.002881,-0.002800
2003-10-31,0.035666,0.020295,0.012048,0.008107,-0.001469
2003-11-30,-0.013653,-0.010638,-0.008756,-0.003839,-0.000522
2003-12-31,0.032511,0.020884,0.013870,0.009758,0.003156
2004-01-31,0.026194,0.016157,0.015197,0.013733,0.015623
2004-02-29,0.018644,0.018228,0.015773,0.014080,0.009191
2004-03-31,0.003065,0.003667,0.007981,0.006362,0.010924
2004-04-30,-0.008137,-0.005951,-0.004716,-0.003183,-0.002401
2004-05-31,-0.024177,-0.012117,-0.004815,0.001769,0.008704
2004-06-30,0.015412,0.009523,0.005309,0.000114,-0.005855
2004-07-31,-0.016593,-0.004215,0.002491,0.006858,0.011944
2004-08-31,0.032083,0.025732,0.020982,0.014825,0.008867
2004-09-30,0.010020,0.005925,0.002285,0.000102,-0.005269
2004-10-31,0.026731,0.019709,0.016494,0.011745,0.007835
2004-11-30,0.028932,0.017292,0.009617,0.002344,-0.003338
2004-12-31,0.006701,0.002944,-0.001481,-0.003196,-0.004348
2005-01-31,0.007245,0.006583,0.008530,0.007357,0.007658
2005-02-28,0.042182,0.032580,0.023005,0.015942,0.009452
2005-03-31,-0.012446,-0.003617,0.002213,0.005710,0.004929
2005-04-30,-0.005725,-0.002660,0.000623,0.003837,0.010924
2005-05-31,0.004877,0.002828,0.001741,-0.000318,-0.001820
2005-06-30,0.022509,0.020139,0.016537,0.012228,0.005966
2005-07-31,0.024363,0.019100,0.011853,0.007215,0.000249
2005-08-31,-0.006712,-0.004577,-0.003052,0.000781,0.007467
2005-09-30,0.032770,0.021671,0.012142,0.004713,-0.005322
2005-10-31,-0.043406,-0.037604,-0.032444,-0.028351,-0.027779
2005-11-30,0.022990,0.008290,-0.002250,-0.005234,-0.008430
2005-12-31,0.016688,0.008761,0.006091,0.004794,0.007713
2006-01-31,0.072786,0.054653,0.042729,0.028999,0.018197
2006-02-28,0.007196,0.008094,0.006815,0.006506,0.003826
2006-03-31,0.013330,0.012590,0.010324,0.006661,0.002274
2006-04-30,0.032474,0.022607,0.014024,0.007550,0.000885
2006-05-31,-0.039505,-0.031528,-0.021862,-0.013246,-0.002680
2006-06-30,-0.035075,-0.025890,-0.015819,-0.008578,0.000099
2006-07-31,0.023504,0.018693,0.015230,0.011586,0.009787
2006-08-31,0.016048,0.013019,0.010148,0.007303,0.006452
2006-09-30,0.009561,0.010216,0.009325,0.007399,0.003541
2006-10-31,0.030257,0.027468,0.022575,0.018295,0.013323
2006-11-30,0.029574,0.026050,0.023236,0.017517,0.010033
2006-12-31,0.048429,0.041469,0.032582,0.019723,0.004776
2007-01-31,0.017648,0.017750,0.014404,0.010052,0.001087
2007-02-28,0.023275,0.018244,0.013076,0.008017,0.003871
2007-03-31,-0.003717,0.000190,0.004693,0.007080,0.008428
2007-04-30,0.044422,0.037927,0.031123,0.020679,0.004853
2007-05-31,0.008715,0.005913,-0.001283,-0.005868,-0.013761
2007-06-30,0.024510,0.020206,0.015823,0.009244,-0.003906
2007-07-31,-0.005309,-0.007675,-0.007046,-0.003665,0.007625
2007-08-31,-0.025035,-0.021354,-0.014851,-0.006525,0.005070
2007-09-30,0.038847,0.023927,0.011447,0.003304,-0.000581
2007-10-31,0.050304,0.040411,0.031009,0.018794,0.004761
2007-11-30,-0.055782,-0.048137,-0.036775,-0.021020,0.002092
2007-12-31,-0.014018,-0.010962,-0.011240,-0.006507,-0.001561
2008-01-31,-0.095738,-0.072435,-0.054193,-0.027668,0.005591
2008-02-29,0.047481,0.039488,0.030361,0.022208,0.010377
2008-03-31,-0.044827,-0.028781,-0.015207,-0.003241,0.005891
2008-04-30,0.044456,0.032419,0.023500,0.012092,0.000173
2008-05-31,0.032342,0.022528,0.013886,0.004185,-0.013854
2008-06-30,-0.041470,-0.031689,-0.019914,-0.012390,-0.005113
2008-07-31,-0.046117,-0.033995,-0.021463,-0.009795,0.004330
2008-08-31,-0.047619,-0.034009,-0.021438,-0.009759,0.001644
2008-09-30,-0.118021,-0.087597,-0.054945,-0.034239,-0.011464
2008-10-31,-0.211190,-0.141400,-0.078933,-0.039107,-0.007167
2008-11-30,-0.003559,-0.005225,-0.004221,-0.003040,-0.002404
2008-12-31,0.014388,0.005684,0.001014,0.000438,0.003798
2009-01-31,0.002026,0.013912,0.021278,0.026755,0.028543
2009-02-28,-0.026229,-0.008534,0.007913,0.020261,0.031917
2009-03-31,0.042809,0.024973,0.009815,0.002078,-0.001960
2009-04-30,0.090422,0.064993,0.039598,0.022809,0.006998
2009-05-31,0.095856,0.062557,0.029867,0.002999,-0.023308
2009-06-30,0.005012,0.008921,0.011065,0.012564,0.014808
2009-07-31,0.064597,0.048632,0.034215,0.022134,0.009100
2009-08-31,0.022097,0.015655,0.010291,0.007021,0.005221
2009-09-30,0.050826,0.041517,0.031827,0.024780,0.016526
2009-10-31,-0.004437,-0.003054,-0.004574,-0.003225,-0.002311
2009-11-30,-0.013557,-0.013017,-0.015159,-0.012585,-0.012728
2009-12-31,0.047748,0.038865,0.029514,0.018102,0.005539
2010-01-31,-0.004164,0.003802,0.011605,0.011330,0.011691
2010-02-28,-0.005451,-0.001925,0.000012,0.003562,0.011057
2010-03-31,0.049677,0.035824,0.023934,0.016435,0.009405
2010-04-30,0.005888,0.005391,0.005291,0.005269,0.005385
2010-05-31,-0.063955,-0.044515,-0.027288,-0.015635,0.007174
2010-06-30,0.021234,0.020623,0.014885,0.009324,0.000353
2010-07-31,0.045741,0.036207,0.026678,0.019012,0.009928
2010-08-31,-0.025956,-0.014505,-0.006397,-0.001739,0.011733
2010-09-30,0.058745,0.042518,0.023559,0.009123,-0.012951
2010-10-31,0.033952,0.026617,0.016163,0.008867,-0.005368
2010-11-30,-0.013212,-0.007744,-0.003391,-0.001091,0.010307
2010-12-31,0.014108,0.008236,0.004412,0.003407,0.004785
2011-01-31,-0.000412,-0.001596,-0.002427,-0.000873,-0.013973
2011-02-28,-0.025378,-0.020790,-0.013053,-0.001897,0.013867
2011-03-31,0.039091,0.033390,0.028793,0.020575,0.017066
2011-04-30,0.004053,0.005157,0.005825,0.003650,0.004782
2011-05-31,-0.012596,-0.006334,-0.002138,-0.000453,0.000729
2011-06-30,-0.013251,-0.012634,-0.008624,-0.005940,-0.009568
2011-07-31,-0.022368,-0.018506,-0.014820,-0.007720,0.003529
2011-08-31,-0.064097,-0.040224,-0.017053,0.002684,0.033500
2011-09-30,-0.044217,-0.031805,-0.019638,-0.006742,-0.000769
2011-10-31,0.058088,0.036544,0.014044,-0.003926,-0.020232
2011-11-30,-0.037522,-0.025629,-0.014658,-0.004488,0.006651
2011-12-31,0.007026,0.006740,0.006348,0.006714,0.007999
2012-01-31,0.025244,0.018150,0.014154,0.012142,0.012274
2012-02-29,0.037608,0.027864,0.016944,0.005240,-0.005947
2012-03-31,0.001633,0.002046,0.001736,-0.000199,-0.005139
2012-04-30,-0.012209,-0.007086,-0.002291,0.000242,0.004718
2012-05-31,-0.044287,-0.029404,-0.013432,0.000651,0.013755
2012-06-30,0.001088,0.000428,0.001593,0.000337,0.000204
2012-07-31,0.000958,-0.002090,-0.002980,-0.000716,0.002407
2012-08-31,-0.000726,-0.000068,0.002822,0.006733,0.009274
2012-09-30,0.024184,0.017864,0.011804,0.006462,0.001680
2012-10-31,0.004850,0.004496,0.003825,0.001154,-0.002675
2012-11-30,-0.008466,-0.008107,-0.005739,-0.003219,-0.000602
2012-12-31,0.031757,0.025223,0.017762,0.009382,0.001993
2013-01-31,0.035951,0.027428,0.017407,0.008422,0.000514
2013-02-28,-0.003686,-0.002156,0.001163,0.004121,0.007081
2013-03-31,-0.001043,-0.001271,0.000881,0.002045,0.002226
2013-04-30,-0.004365,-0.004647,0.000605,0.005925,0.007646
2013-05-31,0.024368,0.015441,0.012571,0.009361,0.005602
2013-06-30,-0.040302,-0.029157,-0.017210,-0.005545,0.005963
2013-07-31,0.021019,0.012065,0.009036,0.008405,0.004968
2013-08-31,-0.037269,-0.029146,-0.019051,-0.008892,0.001503
2013-09-30,0.042311,0.033704,0.020979,0.010702,0.001413
2013-10-31,0.027697,0.020235,0.016861,0.013330,0.008092
2013-11-30,0.011217,0.006358,0.005656,0.005325,0.002377
2013-12-31,-0.007199,-0.005251,-0.003160,-0.000245,0.001745
2014-01-31,-0.017841,-0.011582,-0.001378,0.006901,0.012165
2014-02-28,0.046242,0.037104,0.027057,0.013926,0.001460
2014-03-31,-0.006761,-0.002368,0.000380,0.003264,0.007138
2014-04-30,0.018519,0.015670,0.012694,0.009213,0.006923
2014-05-31,0.004765,0.003362,0.002756,0.002413,0.001891
2014-06-30,0.011694,0.008781,0.008712,0.007555,0.006224
2014-07-31,0.034029,0.028464,0.023050,0.015227,0.009452
2014-08-31,0.037519,0.032296,0.031532,0.028055,0.025594
2014-09-30,-0.024791,-0.020384,-0.018076,-0.015564,-0.014759
2014-10-31,-0.040385,-0.028613,-0.017754,-0.008142,0.003525
2014-11-30,0.042802,0.031779,0.023095,0.012833,0.002730
2014-12-31,-0.017130,-0.012860,-0.006875,-0.003257,0.001095
2015-01-31,0.029985,0.025755,0.022854,0.018406,0.010927
2015-02-28,0.014273,0.012188,0.010846,0.010170,0.008492
2015-03-31,0.001473,0.001046,0.002060,0.001278,-0.001147
2015-04-30,0.007138,0.004809,0.000341,-0.004547,-0.005955
2015-05-31,0.002101,-0.000976,-0.003123,-0.003862,-0.007497
2015-06-30,-0.014315,-0.012536,-0.009359,-0.004853,-0.003113
2015-07-31,0.027722,0.021138,0.020011,0.019662,0.014740
2015-08-31,-0.036132,-0.023614,-0.011793,-0.002673,0.004937
2015-09-30,-0.034149,-0.027609,-0.021221,-0.014476,-0.007154
2015-10-31,0.049262,0.034555,0.020399,0.008600,-0.000519
2015-11-30,0.014165,0.008461,0.005743,0.003905,-0.001340
2015-12-31,-0.022109,-0.017663,-0.014821,-0.010609,-0.005073
2016-01-31,-0.060447,-0.039101,-0.020666,-0.005359,0.007416
2016-02-29,-0.014674,-0.007809,-0.002507,0.000736,0.008454
2016-03-31,0.044320,0.032918,0.022028,0.012272,0.004556
2016-04-30,-0.000434,0.000238,0.000298,-0.000222,-0.001370
2016-05-31,0.024651,0.017948,0.012581,0.007221,0.001397
2016-06-30,-0.037947,-0.026619,-0.018924,-0.010486,-0.001366
2016-07-31,0.043566,0.033118,0.022029,0.012356,0.005600
2016-08-31,0.017586,0.017713,0.017912,0.017322,0.013865
2016-09-30,-0.015034,-0.008721,-0.002665,0.003783,0.006543
2016-10-31,-0.003354,-0.002162,-0.004366,-0.005181,-0.005260
2016-11-30,0.003165,-0.005598,-0.014573,-0.019558,-0.019513
2016-12-31,-0.005270,0.000641,0.007565,0.014265,0.016903
2017-01-31,0.009869,0.009956,0.009164,0.007605,0.007425
2017-02-28,0.019049,0.016386,0.013317,0.009809,0.008157
2017-03-31,0.053335,0.042510,0.029695,0.014832,0.004628
2017-04-30,0.011085,0.009476,0.008907,0.007735,0.006020
2017-05-31,0.023070,0.016365,0.010791,0.003154,-0.002689
2017-06-30,-0.014346,-0.012131,-0.010812,-0.007718,-0.003565
2017-07-31,0.021742,0.016704,0.009850,0.002899,-0.000056
2017-08-31,-0.018549,-0.013796,-0.010436,-0.006423,-0.001519
2017-09-30,0.022303,0.017181,0.012485,0.007375,0.000758
2017-10-31,0.025836,0.017860,0.007460,-0.003756,-0.009177
2017-11-30,-0.002479,-0.007318,-0.008503,-0.007357,-0.005855
2017-12-31,-0.006281,-0.001150,0.000400,0.002447,0.006352
2018-01-31,0.038736,0.030840,0.021759,0.012063,0.004132
2018-02-28,-0.046265,-0.034427,-0.023492,-0.011055,-0.001487
2018-03-31,-0.012654,-0.006943,-0.000097,0.003358,0.005685
2018-04-30,0.011693,0.008828,0.005971,0.002761,0.001569
2018-05-31,-0.001712,-0.001767,-0.003511,-0.003708,0.002427
2018-06-30,-0.015645,-0.012550,-0.007951,-0.002787,0.002330
2018-07-31,0.021500,0.017144,0.013593,0.010673,0.005077
2018-08-31,0.014305,0.009765,0.007405,0.004685,0.005761
2018-09-30,-0.015226,-0.012391,-0.008258,-0.003378,-0.002116
2018-10-31,-0.039789,-0.031498,-0.021099,-0.010252,-0.006771
2018-11-30,-0.001150,0.000313,0.002028,0.001936,0.003829
2018-12-31,-0.008913,-0.003392,0.004981,0.007900,0.009172
2019-01-31,0.031865,0.026439,0.020474,0.015823,0.008548
2019-02-28,0.004577,0.006348,0.007290,0.007899,0.006812
2019-03-31,0.022874,0.021612,0.023283,0.021806,0.018481
2019-04-30,0.018329,0.015042,0.010859,0.007817,0.004335
2019-05-31,-0.013636,-0.008706,0.002422,0.011475,0.013071
2019-06-30,0.009098,0.012855,0.019365,0.022555,0.018630
2019-07-31,0.023905,0.023429,0.029513,0.033795,0.027948
2019-08-31,-0.027197,-0.014649,0.002626,0.015760,0.022560
2019-09-30,0.040533,0.029296,0.015670,0.003418,-0.001940
2019-10-31,0.014345,0.002386,-0.012095,-0.026311,-0.032507
2019-11-30,0.086636,0.052270,0.023420,-0.009159,-0.026351
2019-12-31,-0.042405,-0.023777,-0.002336,0.018335,0.027366
2020-01-31,0.039778,0.030553,0.020700,0.011608,0.005142
2020-02-29,-0.044994,-0.037928,-0.036982,-0.037805,-0.029414
2020-03-31,-0.165665,-0.135354,-0.102024,-0.071557,-0.026880
2020-04-30,0.087641,0.079505,0.075104,0.067706,0.050861
2020-05-31,-0.005713,0.007536,0.027574,0.044286,0.040733
2020-06-30,0.053518,0.043004,0.027730,0.013742,0.002943
2020-07-31,-0.002807,-0.000814,-0.004028,-0.004550,-0.005198
2020-08-31,0.055383,0.047080,0.039958,0.032562,0.023243
2020-09-30,-0.030278,-0.031363,-0.035102,-0.039209,-0.030562
2020-10-31,-0.010195,-0.003529,0.001653,0.004365,0.005762
2020-11-30,0.088479,0.067347,0.043079,0.022261,0.003970
2020-12-31,-0.019165,-0.012862,-0.004296,0.004159,0.006239
2021-01-31,0.054185,0.049285,0.036046,0.025175,0.016784
2021-02-28,-0.019244,-0.018113,-0.026828,-0.033411,-0.028861
2021-03-31,0.012475,0.004836,-0.011405,-0.020561,-0.025708
2021-04-30,-0.003556,-0.009969,-0.015075,-0.021100,-0.029381
2021-05-31,0.017206,0.010267,0.005138,-0.003666,-0.006980
2021-06-30,0.013974,0.006518,-0.008121,-0.023596,-0.031885
2021-07-31,0.004402,0.000018,-0.004728,-0.008344,-0.011714
2021-08-31,0.026785,0.023680,0.017449,0.012141,0.010978
2021-09-30,-0.010741,-0.014061,-0.023800,-0.033499,-0.043432
2021-10-31,0.004429,-0.003846,-0.016631,-0.033324,-0.040892
2021-11-30,0.010037,0.010116,0.015150,0.030045,0.044109
2021-12-31,0.012978,0.011272,0.006785,0.007325,0.008080
2022-01-31,-0.089291,-0.068858,-0.050587,-0.027339,-0.010062
2022-02-28,-0.021883,-0.017166,-0.009582,0.008359,0.023894
2022-03-31,-0.013574,-0.011107,-0.010859,-0.001019,0.004617
2022-04-30,-0.010891,-0.004609,-0.000800,0.005076,0.011307
2022-05-31,-0.013528,-0.013044,-0.004786,0.002346,0.006152
2022-06-30,0.012101,0.013264,0.007836,0.002162,0.003421
2022-07-31,0.003439,0.003517,0.002026,0.003860,0.007524
2022-08-31,-0.035775,-0.032026,-0.026431,-0.022400,-0.023058
2022-09-30,-0.021276,-0.023755,-0.026517,-0.031341,-0.032595
2022-10-31,-0.003650,-0.004322,0.000125,0.011202,0.014644
2022-11-30,0.009663,0.018288,0.040500,0.060211,0.071222
2022-12-31,-0.044085,-0.029524,-0.015742,-0.004020,0.001840
2023-01-31,0.007200,0.005582,0.001994,-0.003428,-0.006650
2023-02-28,-0.014715,-0.014736,-0.020348,-0.026083,-0.027120
2023-03-31,-0.040851,-0.024767,-0.000806,0.022190,0.032423
2023-04-30,-0.001439,-0.002583,-0.008480,-0.013437,-0.014999
2023-05-31,-0.007231,-0.008987,-0.009096,-0.011351,-0.013498
2023-06-30,0.025498,0.022551,0.019191,0.016956,0.014655
2023-07-31,0.070848,0.051994,0.025416,0.001599,-0.009719
2023-08-31,-0.011105,-0.008885,-0.011036,-0.014735,-0.014715
2023-09-30,0.004841,-0.004749,-0.017232,-0.033877,-0.039925
2023-10-31,-0.037226,-0.032575,-0.033319,-0.039037,-0.040925
2023-11-30,0.022069,0.030023,0.045759,0.068530,0.077942
2023-12-31,0.057949,0.050212,0.041695,0.037806,0.034700
2024-01-31,0.017990,0.012628,0.003179,-0.006227,-0.009006
2024-02-29,0.062133,0.046188,0.024463,0.001087,-0.007785
2024-03-31,0.021639,0.017819,0.015273,0.012448,0.012382
2024-04-30,-0.049482,-0.042439,-0.039158,-0.037377,-0.035478
2024-05-31,-0.016255,-0.010350,-0.005307,-0.001672,-0.000418
2024-06-30,0.026878,0.021796,0.010898,0.000220,-0.004122
2024-07-31,0.012822,0.014542,0.019236,0.028522,0.034314
2024-08-31,-0.013786,-0.004712,0.014406,0.037546,0.047226
2024-09-30,0.010183,0.015617,0.027391,0.045166,0.055401
2024-10-31,0.021563,0.007339,-0.019990,-0.046729,-0.055956
2024-11-30,0.016377,0.013224,0.010876,0.014894,0.018998
2024-12-31,-0.017721,-0.016462,-0.024852,-0.039768,-0.045019
2025-01-31,0.028782,0.021604,0.015411,0.007811,0.002576
2025-02-28,-0.030293,-0.020994,-0.008675,-0.000452,0.002655
2025-03-31,-0.012518,-0.007257,0.003160,0.010693,0.014190
2025-04-30,0.006690,0.010306,0.017530,0.023752,0.025806
2025-05-31,0.019466,0.011687,-0.002717,-0.016099,-0.024220
2025-06-30,0.031114,0.025991,0.021990,0.018621,0.014936
2025-07-31,0.044795,0.036925,0.022350,0.009438,0.007683
2025-08-31,0.030671,0.024548,0.024009,0.021551,0.017706
2025-09-30,0.017403,0.015798,0.011307,0.007108,0.005092
2025-10-31,0.004323,0.005863,0.006300,0.008355,0.005360
2025-11-30,-0.000679,0.000112,0.006715,0.011899,0.011902
2025-12-31,0.001337,0.000359,-0.002261,-0.003608,-0.006674
2026-01-31,0.009937,0.006985,0.004181,0.003235,-0.006863
2026-02-28,0.020761,0.017566,0.020437,0.019729,0.021855
2026-03-31,-0.029873,-0.024500,-0.024400,-0.019262,-0.007748
2026-04-30,0.048385,0.038587,0.020691,0.004680,-0.012361
2026-05-31,0.017722,0.012109,-0.000542,-0.013811,-0.026001
2026-06-30,0.018974,0.013599,0.010018,0.005489,0.004818
2026-07-31,-0.028762,-0.027922,-0.032446,-0.031982,-0.033273
2026-08-31,0.035759,0.028988,0.019260,0.008740,0.000566
