caso,cv_vs_defecto_mediana,cv_vs_defecto_p5,prob_cv_supera_defecto,reactivo_vs_defecto_mediana,reactivo_vs_defecto_p5,prob_reactivo_pierde,mediana_defecto_uf,traspasos_reactivo
Escenario base (hombre),0.45555,0.19480,0.92530,-0.04870,-0.08277,0.73890,10.13996,15.00000
Mujer (retiro a los 60),0.51372,0.19918,0.91170,-0.03980,-0.06979,0.73210,6.50000,14.00000
Sueldo sin crecimiento real,0.48778,0.19826,0.92450,-0.05504,-0.08753,0.73880,8.27409,15.00000
Sueldo crece 3% real/año,0.41709,0.19227,0.92580,-0.04339,-0.07810,0.73820,12.60807,15.00000
Empieza a cotizar a los 35,0.27588,0.17943,0.90950,-0.02777,-0.05480,0.70820,5.65656,10.00000
Retornos −1 p.p. al año,0.42260,0.19071,0.92610,-0.04734,-0.08330,0.75420,8.04512,16.00000
Retornos −2 p.p. al año,0.38492,0.18063,0.92550,-0.05286,-0.08407,0.76540,6.46808,17.00000
Parte en régimen de calma,0.43906,0.18079,0.91940,-0.04708,-0.07914,0.72810,10.22508,15.00000
Parte en régimen de crisis,0.43271,0.18226,0.92010,-0.04731,-0.07553,0.73080,10.19851,16.00000
Reactivo más nervioso (−4%),0.45555,0.19480,0.92530,-0.09653,-0.13727,0.80670,10.13996,26.00000
Reactivo más tolerante (−10%),0.45555,0.19480,0.92530,-0.00871,-0.01059,0.55820,10.13996,4.00000
Glidepath de la consulta (tope 90%),0.40232,0.19159,0.92610,-0.04870,-0.08277,0.73890,10.13996,15.00000
Glidepath sin extrapolar (tope 100% A),0.39650,0.18684,0.92070,-0.04870,-0.08277,0.73890,10.13996,15.00000
